OrganizationIdentifier,OrganizationFormalName,ActivityIdentifier,ActivityTypeCode,ActivityMediaName,ActivityMediaSubdivisionName,ActivityStartDate,ActivityStartTime/Time,ActivityStartTime/TimeZoneCode,ActivityEndDate,ActivityEndTime/Time,ActivityEndTime/TimeZoneCode,ActivityRelativeDepthName,ActivityDepthHeightMeasure/MeasureValue,ActivityDepthHeightMeasure/MeasureUnitCode,ActivityDepthAltitudeReferencePointText,ActivityTopDepthHeightMeasure/MeasureValue,ActivityTopDepthHeightMeasure/MeasureUnitCode,ActivityBottomDepthHeightMeasure/MeasureValue,ActivityBottomDepthHeightMeasure/MeasureUnitCode,ProjectIdentifier,ProjectName,ActivityConductingOrganizationText,MonitoringLocationIdentifier,MonitoringLocationName,ActivityCommentText,SampleAquifer,HydrologicCondition,HydrologicEvent,ActivityLocation/LatitudeMeasure,ActivityLocation/LongitudeMeasure,SampleCollectionMethod/MethodIdentifier,SampleCollectionMethod/MethodIdentifierContext,SampleCollectionMethod/MethodName,SampleCollectionMethod/MethodDescriptionText,SampleCollectionEquipmentName,ResultIdentifier,ResultDetectionConditionText,MethodSpeciationName,CharacteristicName,ResultSampleFractionText,ResultMeasureValue,ResultMeasure/MeasureUnitCode,MeasureQualifierCode,ResultStatusIdentifier,StatisticalBaseCode,ResultValueTypeName,ResultWeightBasisText,ResultTimeBasisText,ResultTemperatureBasisText,ResultParticleSizeBasisText,DataQuality/PrecisionValue,DataQuality/BiasValue,DataQuality/ConfidenceIntervalValue,DataQuality/UpperConfidenceLimitValue,DataQuality/LowerConfidenceLimitValue,ResultCommentText,USGSPCode,ResultDepthHeightMeasure/MeasureValue,ResultDepthHeightMeasure/MeasureUnitCode,ResultDepthAltitudeReferencePointText,SubjectTaxonomicName,SampleTissueAnatomyName,BinaryObjectFileName,BinaryObjectFileTypeCode,ResultFileUrl,ResultAnalyticalMethod/MethodIdentifier,ResultAnalyticalMethod/MethodIdentifierContext,ResultAnalyticalMethod/MethodName,ResultAnalyticalMethod/MethodUrl,ResultAnalyticalMethod/MethodDescriptionText,LaboratoryName,AnalysisStartDate,ResultLaboratoryCommentText,ResultDetectionQuantitationLimitUrl,DetectionQuantitationLimitTypeName,DetectionQuantitationLimitMeasure/MeasureValue,DetectionQuantitationLimitMeasure/MeasureUnitCode,LabSamplePreparationUrl,LastUpdated,ProviderName
USGS-MD,USGS Maryland Water Science Center,nwismd.01.01000335,Sample-Routine,Water,Groundwater,2010-03-25,11:55:00,EST,,,,,0.00,feet,,,,,,,,U.S. Geological Survey,USGS-385609077055301,,,,Not applicable,Not applicable,,,4045,USGS parameter code 82398,Submersible multiple impeller (turbine) pump,,Submersible centrifugal pump,NWIS-82367669,Not Detected,,CFC-12,Recoverable,,,,Preliminary,,Actual,,,,,,,,,,The parameter 34668 is a highly variable compound in schedule 12020,34668,,,,,,,,,GCM66,USGS,"VOC, wu, acidified, GCMS",,USGS OF 97-829,"USGS-National Water Quality Lab, Denver, CO",2010-04-03,value is highly variable by this methodsee result laboratory comment,,Laboratory Reporting Level,0.1,ug/l,,,NWIS
USGS-MD,USGS Maryland Water Science Center,nwismd.01.01000682,Sample-Routine,Water,Groundwater,2010-09-15,13:35:00,EST,,,,,200.00,feet,,,,,,,,U.S. Geological Survey,USGS-385252076572801,,LabSampleID: 280-7513-6,Potomac Group,Not applicable,Not applicable,,,4045,USGS parameter code 82398,Submersible multiple impeller (turbine) pump,,Submersible centrifugal pump,NWIS-85214727,Not Detected,,CFC-12,Recoverable,,,,Accepted,,Actual,,,,,,,,,,LabSampleID: 280-7513-6 LabMethodID: 8260B,34668,,,,,,,,,GCM25,USGS,VOCs by capillary column GC/MS,,"EPA SW-846, Method 8260B","Severn-Trent Laboratory, Denver, CO",2010-09-28,,,Method Detection Limit (MDL),0.31,ug/l,,,NWIS
USGS-MD,USGS Maryland Water Science Center,nwismd.01.01000686,Sample-Routine,Water,Groundwater,2010-09-13,09:30:00,EST,,,,,17.00,feet,,,,,,,,U.S. Geological Survey,USGS-385443076562801,,LabSampleID: 280-7513-4,Terrace Deposits,Not applicable,Not applicable,,,4047,USGS parameter code 82398,Submersible gear pump,,Submersible gear pump,NWIS-85215706,Not Detected,,CFC-12,Recoverable,,,,Accepted,,Actual,,,,,,,,,,LabSampleID: 280-7513-4 LabMethodID: 8260B,34668,,,,,,,,,GCM25,USGS,VOCs by capillary column GC/MS,,"EPA SW-846, Method 8260B","Severn-Trent Laboratory, Denver, CO",2010-09-23,,,Method Detection Limit (MDL),0.31,ug/l,,,NWIS
USGS-MD,USGS Maryland Water Science Center,nwismd.01.01000681,Sample-Routine,Water,Groundwater,2010-09-16,10:00:00,EST,,,,,27.00,feet,,,,,,,,U.S. Geological Survey,USGS-385332076594701,,LabSampleID: 280-7513-5,Terrace Deposits,Not applicable,Not applicable,,,4045,USGS parameter code 82398,Submersible multiple impeller (turbine) pump,,Submersible centrifugal pump,NWIS-85214484,Not Detected,,CFC-12,Recoverable,,,,Accepted,,Actual,,,,,,,,,,LabSampleID: 280-7513-5 LabMethodID: 8260B,34668,,,,,,,,,GCM25,USGS,VOCs by capillary column GC/MS,,"EPA SW-846, Method 8260B","Severn-Trent Laboratory, Denver, CO",2010-09-28,,,Method Detection Limit (MDL),0.31,ug/l,,,NWIS
USGS-MD,USGS Maryland Water Science Center,nwismd.01.01000617,Sample-Routine,Water,Groundwater,2010-09-08,09:15:00,EST,,,,,12.00,feet,,,,,,,,U.S. Geological Survey,USGS-385138076585901,,LabSampleID: 280-7245-5,Potomac Group,Not applicable,Not applicable,,,4047,USGS parameter code 82398,Submersible gear pump,,Submersible gear pump,NWIS-85129541,Not Detected,,CFC-12,Recoverable,,,,Accepted,,Actual,,,,,,,,,,LabSampleID: 280-7245-5 LabMethodID: 8260B,34668,,,,,,,,,GCM25,USGS,VOCs by capillary column GC/MS,,"EPA SW-846, Method 8260B","Severn-Trent Laboratory, Denver, CO",2010-09-21,,,Method Detection Limit (MDL),0.31,ug/l,,,NWIS
USGS-MD,USGS Maryland Water Science Center,nwismd.01.01000336,Sample-Routine,Water,Groundwater,2010-03-24,14:00:00,EST,,,,,0.00,feet,,,,,,,,U.S. Geological Survey,USGS-385609077055301,,,,Not applicable,Not applicable,,,4045,USGS parameter code 82398,Submersible multiple impeller (turbine) pump,,Submersible centrifugal pump,NWIS-82367830,Not Detected,,CFC-12,Recoverable,,,,Preliminary,,Actual,,,,,,,,,,The parameter 34668 is a highly variable compound in schedule 12020,34668,,,,,,,,,GCM66,USGS,"VOC, wu, acidified, GCMS",,USGS OF 97-829,"USGS-National Water Quality Lab, Denver, CO",2010-04-03,value is highly variable by this methodsee result laboratory comment,,Laboratory Reporting Level,0.1,ug/l,,,NWIS
USGS-MD,USGS Maryland Water Science Center,nwismd.01.01000334,Sample-Routine,Water,Groundwater,2010-03-25,14:00:00,EST,,,,,0.00,feet,,,,,,,,U.S. Geological Survey,USGS-385609077055301,,,,Not applicable,Not applicable,,,4045,USGS parameter code 82398,Submersible multiple impeller (turbine) pump,,Submersible centrifugal pump,NWIS-82367510,Not Detected,,CFC-12,Recoverable,,,,Preliminary,,Actual,,,,,,,,,,The parameter 34668 is a highly variable compound in schedule 12020,34668,,,,,,,,,GCM66,USGS,"VOC, wu, acidified, GCMS",,USGS OF 97-829,"USGS-National Water Quality Lab, Denver, CO",2010-04-03,value is highly variable by this methodsee result laboratory comment,,Laboratory Reporting Level,0.1,ug/l,,,NWIS
USGS-MD,USGS Maryland Water Science Center,nwismd.01.01000684,Sample-Routine,Water,Groundwater,2010-09-14,10:00:00,EST,,,,,25.00,feet,,,,,,,,U.S. Geological Survey,USGS-385527077000701,,LabSampleID: 280-7513-8,Potomac Group,Not applicable,Not applicable,,,4033,USGS parameter code 82398,Suction lift peristaltic pump,,Peristaltic pump,NWIS-85215215,Not Detected,,CFC-12,Recoverable,,,,Accepted,,Actual,,,,,,,,,,LabSampleID: 280-7513-8 LabMethodID: 8260B,34668,,,,,,,,,GCM25,USGS,VOCs by capillary column GC/MS,,"EPA SW-846, Method 8260B","Severn-Trent Laboratory, Denver, CO",2010-09-28,,,Method Detection Limit (MDL),0.31,ug/l,,,NWIS
USGS-MD,USGS Maryland Water Science Center,nwismd.01.01000683,Sample-Routine,Water,Groundwater,2010-09-14,12:45:00,EST,,,,,20.00,feet,,,,,,,,U.S. Geological Survey,USGS-385327076544801,,LabSampleID: 280-7513-3,Potomac Group,Not applicable,Not applicable,,,4033,USGS parameter code 82398,Suction lift peristaltic pump,,Peristaltic pump,NWIS-85214970,Not Detected,,CFC-12,Recoverable,,,,Accepted,,Actual,,,,,,,,,,LabSampleID: 280-7513-3 LabMethodID: 8260B,34668,,,,,,,,,GCM25,USGS,VOCs by capillary column GC/MS,,"EPA SW-846, Method 8260B","Severn-Trent Laboratory, Denver, CO",2010-09-23,,,Method Detection Limit (MDL),0.31,ug/l,,,NWIS
USGS-MD,USGS Maryland Water Science Center,nwismd.01.01000614,Sample-Routine,Water,Groundwater,2010-09-07,09:45:00,EST,,,,,35.00,feet,,,,,,,,U.S. Geological Survey,USGS-385238076581501,,LabSampleID: 280-7245-2,Quaternary Alluvium,Not applicable,Not applicable,,,4047,USGS parameter code 82398,Submersible gear pump,,Submersible gear pump,NWIS-85128794,Not Detected,,CFC-12,Recoverable,,,,Accepted,,Actual,,,,,,,,,,LabSampleID: 280-7245-2 LabMethodID: 8260B,34668,,,,,,,,,GCM25,USGS,VOCs by capillary column GC/MS,,"EPA SW-846, Method 8260B","Severn-Trent Laboratory, Denver, CO",2010-09-21,,,Method Detection Limit (MDL),0.31,ug/l,,,NWIS
USGS-MD,USGS Maryland Water Science Center,nwismd.01.01000615,Sample-Routine,Water,Groundwater,2010-09-08,12:00:00,EST,,,,,47.00,feet,,,,,,,,U.S. Geological Survey,USGS-385138076585902,,LabSampleID: 280-7245-4,Potomac Group,Not applicable,Not applicable,,,4047,USGS parameter code 82398,Submersible gear pump,,Submersible gear pump,NWIS-85129056,Not Detected,,CFC-12,Recoverable,,,,Accepted,,Actual,,,,,,,,,,LabSampleID: 280-7245-4 LabMethodID: 8260B,34668,,,,,,,,,GCM25,USGS,VOCs by capillary column GC/MS,,"EPA SW-846, Method 8260B","Severn-Trent Laboratory, Denver, CO",2010-09-21,,,Method Detection Limit (MDL),0.31,ug/l,,,NWIS
USGS-MD,USGS Maryland Water Science Center,nwismd.01.01000616,Sample-Routine,Water,Groundwater,2010-09-08,14:15:00,EST,,,,,26.00,feet,,,,,,,,U.S. Geological Survey,USGS-385245076583501,,LabSampleID: 280-7245-3,Quaternary Alluvium,Not applicable,Not applicable,,,4047,USGS parameter code 82398,Submersible gear pump,,Submersible gear pump,NWIS-85129299,Not Detected,,CFC-12,Recoverable,,,,Accepted,,Actual,,,,,,,,,,LabSampleID: 280-7245-3 LabMethodID: 8260B,34668,,,,,,,,,GCM25,USGS,VOCs by capillary column GC/MS,,"EPA SW-846, Method 8260B","Severn-Trent Laboratory, Denver, CO",2010-09-21,,,Method Detection Limit (MDL),0.31,ug/l,,,NWIS
USGS-MD,USGS Maryland Water Science Center,nwismd.01.01000685,Sample-Routine,Water,Groundwater,2010-09-13,12:15:00,EST,,,,,17.00,feet,,,,,,,,U.S. Geological Survey,USGS-385649076584201,,LabSampleID: 280-7513-2,Potomac Group,Not applicable,Not applicable,,,4047,USGS parameter code 82398,Submersible gear pump,,Submersible gear pump,NWIS-85215460,Not Detected,,CFC-12,Recoverable,,,,Accepted,,Actual,,,,,,,,,,LabSampleID: 280-7513-2 LabMethodID: 8260B,34668,,,,,,,,,GCM25,USGS,VOCs by capillary column GC/MS,,"EPA SW-846, Method 8260B","Severn-Trent Laboratory, Denver, CO",2010-09-23,,,Method Detection Limit (MDL),0.31,ug/l,,,NWIS
USGS-MD,USGS Maryland Water Science Center,nwismd.01.01600035,Quality Control Sample-Field Replicate,Water,Groundwater,2015-10-21,12:30:00,EST,,,,,24,feet,,,,,,,,U.S. Geological Survey,USGS-385527077000701,,A-2950006 MD-WSC COC,,Not applicable,Not applicable,,,4080,USGS parameter code 82398,Peristaltic pump,,Peristaltic pump,NWIS-102043527,Not Detected,,CFC-12,Recoverable,,,,Accepted,,Actual,,,,,,,,,,Added qualifier code: none.  RTI Sample: 1510668-002.,34668,,,,,,,,,GM044,USGS,"VOCs, wu, GCMS (8260C; DODESP)",,,"RTI Laboratories Inc., Livonia, Michigan",2015-11-02,see result laboratory comment,,Laboratory Reporting Level,1,ug/l,,,NWIS
USGS-MD,USGS Maryland Water Science Center,nwismd.01.01600036,Sample-Routine,Water,Groundwater,2015-10-21,10:00:00,EST,,,,,17,feet,,,,,,,,U.S. Geological Survey,USGS-385649076584201,,A-2950003 MD-WSC COC,,Not applicable,Not applicable,,,4040,USGS parameter code 82398,Submersible pump,,Submersible gear pump,NWIS-102043757,Not Detected,,CFC-12,Recoverable,,,,Accepted,,Actual,,,,,,,,,,Added qualifier code: none.  RTI Sample: 1510668-001.,34668,,,,,,,,,GM044,USGS,"VOCs, wu, GCMS (8260C; DODESP)",,,"RTI Laboratories Inc., Livonia, Michigan",2015-11-02,see result laboratory comment,,Laboratory Reporting Level,1,ug/l,,,NWIS
USGS-MD,USGS Maryland Water Science Center,nwismd.01.01600034,Sample-Routine,Water,Groundwater,2015-10-20,14:00:00,EST,,,,,251.5,feet,,,,,,,,U.S. Geological Survey,USGS-385252076572801,,A-2940001 MD-WSC COC,,Not applicable,Not applicable,,,4040,USGS parameter code 82398,Submersible pump,,Submersible centrifugal pump,NWIS-102043294,Not Detected,,CFC-12,Recoverable,,,,Accepted,,Actual,,,,,,,,,,Added qualifier code: none.  RTI Sample: 1510600-001.,34668,,,,,,,,,GM044,USGS,"VOCs, wu, GCMS (8260C; DODESP)",,,"RTI Laboratories Inc., Livonia, Michigan",2015-10-21,see result laboratory comment,,Laboratory Reporting Level,1,ug/l,,,NWIS
USGS-MD,USGS Maryland Water Science Center,nwismd.01.01601090,Sample-Routine,Water,Groundwater,2016-08-24,09:40:00,EST,,,,,32,feet,,,,,,,,U.S. Geological Survey-Water Resources Discipline,USGS-385707077021801,,"L-2390001 Received Aug 25, 2016.  Chain of custody procedure not followed properly for GCC bottle. 8/29/2016 mec  Added propsal number CL16046 per Bringman. 9/1/2016 mec",,Not applicable,Not applicable,,,4040,USGS parameter code 82398,Submersible pump,,Submersible positive-pressure pump,NWIS-105929450,Not Detected,,CFC-12,Recoverable,,,,Accepted,,Actual,,,,,,,,,,Added qualifier code: none.  Comments: CCV drift > 20%.  RTI Sample: 1608901-001.,34668,,,,,,,,,GM044,USGS,"VOCs, wu, GCMS (8260C; DODESP)",,,"RTI Laboratories Inc., Livonia, Michigan",2016-08-26,see result laboratory comment,,Laboratory Reporting Level,1,ug/l,,,NWIS
USGS-MD,USGS Maryland Water Science Center,nwismd.01.01601083,Sample-Routine,Water,Groundwater,2016-09-12,13:15:00,EST,,,,,25,feet,,,,,,,,U.S. Geological Survey-Water Resources Discipline,USGS-385619077020701,,,,Not applicable,Not applicable,,,4047,USGS parameter code 82398,Submersible gear pump,,Submersible gear pump,NWIS-105903597,Not Detected,,CFC-12,Recoverable,,,,Accepted,,Actual,,,,,,,,,,Added qualifier code: none.  RTI Sample: 1609375-002.,34668,,,,,,,,,GM044,USGS,"VOCs, wu, GCMS (8260C; DODESP)",,,"RTI Laboratories Inc., Livonia, Michigan",2016-09-16,see result laboratory comment,,Laboratory Reporting Level,1,ug/l,,,NWIS
USGS-MD,USGS Maryland Water Science Center,nwismd.01.01700001,Sample-Routine,Water,Groundwater,2016-10-01,12:00:00,EST,,,,,150,feet,,,,,,,,U.S. Geological Survey,USGS-385257077001101,,,,Not applicable,Not applicable,,,4040,USGS parameter code 82398,Submersible pump,,Submersible centrifugal pump,NWIS-105961791,Not Detected,,CFC-12,Recoverable,,,,Accepted,,Actual,,,,,,,,,,Added qualifier code: none.  Comments: ICV drift > 20%.  RTI Sample: 1610044-001.,34668,,,,,,,,,GM044,USGS,"VOCs, wu, GCMS (8260C; DODESP)",,,"RTI Laboratories Inc., Livonia, Michigan",2016-10-07,see result laboratory comment,,Laboratory Reporting Level,1,ug/l,,,NWIS
USGS-MD,USGS Maryland Water Science Center,nwismd.01.01700174,Sample-Routine,Water,Groundwater,2016-12-19,13:00:00,EST,,,,,200,feet,,,,,,,,U.S. Geological Survey-Water Resources Discipline,USGS-385257077001101,,L-3550099 Samples were received chilled at the WHOI lab.,,Not applicable,Not applicable,,,4040,USGS parameter code 82398,Submersible pump,,Submersible positive-pressure pump,NWIS-106403100,,,Helium-3/helium-4 ratio,Total,0.000000843,ratio,,Accepted,,Actual,,,,,8.2751E-09,,,,,NAWQA-17 MD-DE NACPETN1 NACPMSS1_Batch,61040,,,,,,,,,MS071,USGS,Noble gas isotopes (USGS-NGL),,USGS TMR 5-A11,"USGS Noble Gas Lab, Denver Federal Center",2017-09-27,,,,,,,,NWIS
USGS-MD,USGS Maryland Water Science Center,nwismd.01.01700174,Sample-Routine,Water,Groundwater,2016-12-19,13:00:00,EST,,,,,200,feet,,,,,,,,U.S. Geological Survey-Water Resources Discipline,USGS-385257077001101,,L-3550099 Samples were received chilled at the WHOI lab.,,Not applicable,Not applicable,,,4040,USGS parameter code 82398,Submersible pump,,Submersible positive-pressure pump,NWIS-106403123,,,Carbon-13/Carbon-12 ratio,Total,-21.51,per mil,,Accepted,,Actual,,,,,,,,,,,82081,,,,,,,,,MS039,USGS,"C-13/12, wf, per NWQL Memo 96-05",,NOSAMS General procedure document,"Natl Ocean Sciences AMS Facility (NOSAMS), Woods Hole, MA",2017-03-17,,,,,,,,NWIS
USGS-MD,USGS Maryland Water Science Center,nwismd.01.01700174,Sample-Routine,Water,Groundwater,2016-12-19,13:00:00,EST,,,,,200,feet,,,,,,,,U.S. Geological Survey-Water Resources Discipline,USGS-385257077001101,,L-3550099 Samples were received chilled at the WHOI lab.,,Not applicable,Not applicable,,,4040,USGS parameter code 82398,Submersible pump,,Submersible positive-pressure pump,NWIS-106403125,,,Oxygen-18/Oxygen-16 ratio,Total,-7.16,per mil,,Accepted,,Actual,,,,,,,,,,,82085,,,,,,,,,MS020,USGS,"Oxygen-18/16, wu, by MS",,USGS TMR 10-C1,"USGS-NRP, Stable Isotope Lab, Reston, VA",2017-01-13,,,,,,,,NWIS
USGS-MD,USGS Maryland Water Science Center,nwismd.01.01700174,Sample-Routine,Water,Groundwater,2016-12-19,13:00:00,EST,,,,,200,feet,,,,,,,,U.S. Geological Survey-Water Resources Discipline,USGS-385257077001101,,L-3550099 Samples were received chilled at the WHOI lab.,,Not applicable,Not applicable,,,4040,USGS parameter code 82398,Submersible pump,,Submersible positive-pressure pump,NWIS-106403128,,,Neon-20/Neon-22 ratio,Total,9.81,ratio,,Accepted,,Actual,,,,,0.02980531,,,,,NAWQA-17 MD-DE NACPETN1 NACPMSS1_Batch,82753,,,,,,,,,MS071,USGS,Noble gas isotopes (USGS-NGL),,USGS TMR 5-A11,"USGS Noble Gas Lab, Denver Federal Center",2017-09-27,,,,,,,,NWIS
USGS-MD,USGS Maryland Water Science Center,nwismd.01.01700174,Sample-Routine,Water,Groundwater,2016-12-19,13:00:00,EST,,,,,200,feet,,,,,,,,U.S. Geological Survey-Water Resources Discipline,USGS-385257077001101,,L-3550099 Samples were received chilled at the WHOI lab.,,Not applicable,Not applicable,,,4040,USGS parameter code 82398,Submersible pump,,Submersible positive-pressure pump,NWIS-106403129,,,Argon-40/Argon-36 ratio,Total,294.6,ratio,,Accepted,,Actual,,,,,1.52298462,,,,,NAWQA-17 MD-DE NACPETN1 NACPMSS1_Batch,82756,,,,,,,,,MS071,USGS,Noble gas isotopes (USGS-NGL),,USGS TMR 5-A11,"USGS Noble Gas Lab, Denver Federal Center",2017-09-27,,,,,,,,NWIS
USGS-MD,USGS Maryland Water Science Center,nwismd.01.01700174,Sample-Routine,Water,Groundwater,2016-12-19,13:00:00,EST,,,,,200,feet,,,,,,,,U.S. Geological Survey-Water Resources Discipline,USGS-385257077001101,,L-3550099 Samples were received chilled at the WHOI lab.,,Not applicable,Not applicable,,,4040,USGS parameter code 82398,Submersible pump,,Submersible positive-pressure pump,NWIS-106403130,,,Krypton-86/Krypton-84 ratio,Total,0.3047,ratio,,Accepted,,Actual,,,,,0.00127505,,,,,NAWQA-17 MD-DE NACPETN1 NACPMSS1_Batch,82761,,,,,,,,,MS071,USGS,Noble gas isotopes (USGS-NGL),,USGS TMR 5-A11,"USGS Noble Gas Lab, Denver Federal Center",2017-09-27,,,,,,,,NWIS
USGS-MD,USGS Maryland Water Science Center,nwismd.01.01700174,Sample-Routine,Water,Groundwater,2016-12-19,13:00:00,EST,,,,,200,feet,,,,,,,,U.S. Geological Survey-Water Resources Discipline,USGS-385257077001101,,L-3550099 Samples were received chilled at the WHOI lab.,,Not applicable,Not applicable,,,4040,USGS parameter code 82398,Submersible pump,,Submersible positive-pressure pump,NWIS-106403131,,,Xenon-130/Xenon-132 ratio,Total,0.151,ratio,,Accepted,,Actual,,,,,0.00415688,,,,,NAWQA-17 MD-DE NACPETN1 NACPMSS1_Batch,82766,,,,,,,,,MS071,USGS,Noble gas isotopes (USGS-NGL),,USGS TMR 5-A11,"USGS Noble Gas Lab, Denver Federal Center",2017-09-27,,,,,,,,NWIS
USGS-MD,USGS Maryland Water Science Center,nwismd.01.01700174,Sample-Routine,Water,Groundwater,2016-12-19,13:00:00,EST,,,,,200,feet,,,,,,,,U.S. Geological Survey-Water Resources Discipline,USGS-385257077001101,,L-3550099 Samples were received chilled at the WHOI lab.,,Not applicable,Not applicable,,,4040,USGS parameter code 82398,Submersible pump,,Submersible positive-pressure pump,NWIS-106403132,,,Neon-20/Neon-22 error,Total,0.030,ratio,,Accepted,,Actual,,,,,,,,,,Gas Error for 82753; NAWQA-17 MD-DE NACPETN1 NACPMSS1_Batch,82770,,,,,,,,,MS071,USGS,Noble gas isotopes (USGS-NGL),,USGS TMR 5-A11,"USGS Noble Gas Lab, Denver Federal Center",2017-09-27,,,,,,,,NWIS
USGS-MD,USGS Maryland Water Science Center,nwismd.01.01700174,Sample-Routine,Water,Groundwater,2016-12-19,13:00:00,EST,,,,,200,feet,,,,,,,,U.S. Geological Survey-Water Resources Discipline,USGS-385257077001101,,L-3550099 Samples were received chilled at the WHOI lab.,,Not applicable,Not applicable,,,4040,USGS parameter code 82398,Submersible pump,,Submersible positive-pressure pump,NWIS-106403133,,,Argon-40/Argon-36 error,Total,1.5,ratio,,Accepted,,Actual,,,,,,,,,,Gas Error for 82756; NAWQA-17 MD-DE NACPETN1 NACPMSS1_Batch,82773,,,,,,,,,MS071,USGS,Noble gas isotopes (USGS-NGL),,USGS TMR 5-A11,"USGS Noble Gas Lab, Denver Federal Center",2017-09-27,,,,,,,,NWIS
USGS-MD,USGS Maryland Water Science Center,nwismd.01.01700174,Sample-Routine,Water,Groundwater,2016-12-19,13:00:00,EST,,,,,200,feet,,,,,,,,U.S. Geological Survey-Water Resources Discipline,USGS-385257077001101,,L-3550099 Samples were received chilled at the WHOI lab.,,Not applicable,Not applicable,,,4040,USGS parameter code 82398,Submersible pump,,Submersible positive-pressure pump,NWIS-106403134,,,Krypton-86/Krypton-84 error,Total,0.0013,ratio,,Accepted,,Actual,,,,,,,,,,Gas Error for 82761; NAWQA-17 MD-DE NACPETN1 NACPMSS1_Batch,82778,,,,,,,,,MS071,USGS,Noble gas isotopes (USGS-NGL),,USGS TMR 5-A11,"USGS Noble Gas Lab, Denver Federal Center",2017-09-27,,,,,,,,NWIS
USGS-MD,USGS Maryland Water Science Center,nwismd.01.01700174,Sample-Routine,Water,Groundwater,2016-12-19,13:00:00,EST,,,,,200,feet,,,,,,,,U.S. Geological Survey-Water Resources Discipline,USGS-385257077001101,,L-3550099 Samples were received chilled at the WHOI lab.,,Not applicable,Not applicable,,,4040,USGS parameter code 82398,Submersible pump,,Submersible positive-pressure pump,NWIS-106403135,,,Xenon-130/Xenon-132 error,Total,0.0042,ratio,,Accepted,,Actual,,,,,,,,,,Gas Error for 82766; NAWQA-17 MD-DE NACPETN1 NACPMSS1_Batch,82783,,,,,,,,,MS071,USGS,Noble gas isotopes (USGS-NGL),,USGS TMR 5-A11,"USGS Noble Gas Lab, Denver Federal Center",2017-09-27,,,,,,,,NWIS
USGS-MD,USGS Maryland Water Science Center,nwismd.01.01700174,Sample-Routine,Water,Groundwater,2016-12-19,13:00:00,EST,,,,,200,feet,,,,,,,,U.S. Geological Survey-Water Resources Discipline,USGS-385257077001101,,L-3550099 Samples were received chilled at the WHOI lab.,,Not applicable,Not applicable,,,4040,USGS parameter code 82398,Submersible pump,,Submersible positive-pressure pump,NWIS-106403137,,,Helium-4,Dissolved,0.0000001082,cm3/g @STP,,Accepted,,Actual,,,,,1.0453E-09,,,,,NAWQA-17 MD-DE NACPETN1 NACPMSS1_Batch,85561,,,,,,,,,MS071,USGS,Noble gas isotopes (USGS-NGL),,USGS TMR 5-A11,"USGS Noble Gas Lab, Denver Federal Center",2017-09-27,,,,,,,,NWIS
USGS-MD,USGS Maryland Water Science Center,nwismd.01.01700174,Sample-Routine,Water,Groundwater,2016-12-19,13:00:00,EST,,,,,200,feet,,,,,,,,U.S. Geological Survey-Water Resources Discipline,USGS-385257077001101,,L-3550099 Samples were received chilled at the WHOI lab.,,Not applicable,Not applicable,,,4040,USGS parameter code 82398,Submersible pump,,Submersible positive-pressure pump,NWIS-106403138,,,Helium-4,Total,0.0000000010,cm3/g @STP,,Accepted,Standard Deviation,Actual,,,,,,,,,,Gas Error for 85561; NAWQA-17 MD-DE NACPETN1 NACPMSS1_Batch,85562,,,,,,,,,MS071,USGS,Noble gas isotopes (USGS-NGL),,USGS TMR 5-A11,"USGS Noble Gas Lab, Denver Federal Center",2017-09-27,,,,,,,,NWIS
USGS-MD,USGS Maryland Water Science Center,nwismd.01.01700174,Sample-Routine,Water,Groundwater,2016-12-19,13:00:00,EST,,,,,200,feet,,,,,,,,U.S. Geological Survey-Water Resources Discipline,USGS-385257077001101,,L-3550099 Samples were received chilled at the WHOI lab.,,Not applicable,Not applicable,,,4040,USGS parameter code 82398,Submersible pump,,Submersible positive-pressure pump,NWIS-106403145,,,Helium-3/helium-4 error,Total,0.0000000083,None,,Accepted,Standard Deviation,Actual,,,,,,,,,,Gas Error for 61040; NAWQA-17 MD-DE NACPETN1 NACPMSS1_Batch,85569,,,,,,,,,MS071,USGS,Noble gas isotopes (USGS-NGL),,USGS TMR 5-A11,"USGS Noble Gas Lab, Denver Federal Center",2017-09-27,,,,,,,,NWIS
USGS-MD,USGS Maryland Water Science Center,nwismd.01.01700170,Sample-Routine,Water,Groundwater,2016-12-20,14:00:00,EST,,,,,45.0,feet,,,,,,National Water Quality Assessment Program (NAWQA),,U.S. Geological Survey,USGS-385138076585902,,L-3560046 Samples were received chilled at the WHOI lab.,,Not applicable,Not applicable,,,4040,USGS parameter code 82398,Submersible pump,,Suction pump,NWIS-106398093,,,Helium-3/helium-4 ratio,Total,0.000001260,ratio,,Accepted,,Actual,,,,,1.0805E-08,,,,,NAWQA-17 nacpetn1 LDE_Batch,61040,,,,,,,,,MS071,USGS,Noble gas isotopes (USGS-NGL),,USGS TMR 5-A11,"USGS Noble Gas Lab, Denver Federal Center",2017-08-30,,,,,,,,NWIS
USGS-MD,USGS Maryland Water Science Center,nwismd.01.01700170,Sample-Routine,Water,Groundwater,2016-12-20,14:00:00,EST,,,,,45.0,feet,,,,,,National Water Quality Assessment Program (NAWQA),,U.S. Geological Survey,USGS-385138076585902,,L-3560046 Samples were received chilled at the WHOI lab.,,Not applicable,Not applicable,,,4040,USGS parameter code 82398,Submersible pump,,Suction pump,NWIS-106398114,,,Carbon-13/Carbon-12 ratio,Total,-20.39,per mil,,Accepted,,Actual,,,,,,,,,,,82081,,,,,,,,,MS039,USGS,"C-13/12, wf, per NWQL Memo 96-05",,NOSAMS General procedure document,"Natl Ocean Sciences AMS Facility (NOSAMS), Woods Hole, MA",2017-03-09,,,,,,,,NWIS
USGS-MD,USGS Maryland Water Science Center,nwismd.01.01700170,Sample-Routine,Water,Groundwater,2016-12-20,14:00:00,EST,,,,,45.0,feet,,,,,,National Water Quality Assessment Program (NAWQA),,U.S. Geological Survey,USGS-385138076585902,,L-3560046 Samples were received chilled at the WHOI lab.,,Not applicable,Not applicable,,,4040,USGS parameter code 82398,Submersible pump,,Suction pump,NWIS-106398116,,,Oxygen-18/Oxygen-16 ratio,Total,-7.52,per mil,,Accepted,,Actual,,,,,,,,,,,82085,,,,,,,,,MS020,USGS,"Oxygen-18/16, wu, by MS",,USGS TMR 10-C1,"USGS-NRP, Stable Isotope Lab, Reston, VA",2017-01-30,,,,,,,,NWIS
USGS-MD,USGS Maryland Water Science Center,nwismd.01.01700170,Sample-Routine,Water,Groundwater,2016-12-20,14:00:00,EST,,,,,45.0,feet,,,,,,National Water Quality Assessment Program (NAWQA),,U.S. Geological Survey,USGS-385138076585902,,L-3560046 Samples were received chilled at the WHOI lab.,,Not applicable,Not applicable,,,4040,USGS parameter code 82398,Submersible pump,,Suction pump,NWIS-106398119,,,Neon-20/Neon-22 ratio,Total,9.88,ratio,,Accepted,,Actual,,,,,0.08373664,,,,,NAWQA-17 nacpetn1 LDE_Batch,82753,,,,,,,,,MS071,USGS,Noble gas isotopes (USGS-NGL),,USGS TMR 5-A11,"USGS Noble Gas Lab, Denver Federal Center",2017-08-30,,,,,,,,NWIS
USGS-MD,USGS Maryland Water Science Center,nwismd.01.01700170,Sample-Routine,Water,Groundwater,2016-12-20,14:00:00,EST,,,,,45.0,feet,,,,,,National Water Quality Assessment Program (NAWQA),,U.S. Geological Survey,USGS-385138076585902,,L-3560046 Samples were received chilled at the WHOI lab.,,Not applicable,Not applicable,,,4040,USGS parameter code 82398,Submersible pump,,Suction pump,NWIS-106398120,,,Argon-40/Argon-36 ratio,Total,295.2,ratio,,Accepted,,Actual,,,,,1.57135451,,,,,NAWQA-17 nacpetn1 LDE_Batch,82756,,,,,,,,,MS071,USGS,Noble gas isotopes (USGS-NGL),,USGS TMR 5-A11,"USGS Noble Gas Lab, Denver Federal Center",2017-08-30,,,,,,,,NWIS
USGS-MD,USGS Maryland Water Science Center,nwismd.01.01700170,Sample-Routine,Water,Groundwater,2016-12-20,14:00:00,EST,,,,,45.0,feet,,,,,,National Water Quality Assessment Program (NAWQA),,U.S. Geological Survey,USGS-385138076585902,,L-3560046 Samples were received chilled at the WHOI lab.,,Not applicable,Not applicable,,,4040,USGS parameter code 82398,Submersible pump,,Suction pump,NWIS-106398121,,,Krypton-86/Krypton-84 ratio,Total,0.305,ratio,,Accepted,,Actual,,,,,0.00224929,,,,,NAWQA-17 nacpetn1 LDE_Batch,82761,,,,,,,,,MS071,USGS,Noble gas isotopes (USGS-NGL),,USGS TMR 5-A11,"USGS Noble Gas Lab, Denver Federal Center",2017-08-30,,,,,,,,NWIS
USGS-MD,USGS Maryland Water Science Center,nwismd.01.01700170,Sample-Routine,Water,Groundwater,2016-12-20,14:00:00,EST,,,,,45.0,feet,,,,,,National Water Quality Assessment Program (NAWQA),,U.S. Geological Survey,USGS-385138076585902,,L-3560046 Samples were received chilled at the WHOI lab.,,Not applicable,Not applicable,,,4040,USGS parameter code 82398,Submersible pump,,Suction pump,NWIS-106398122,,,Xenon-130/Xenon-132 ratio,Total,0.146,ratio,,Accepted,,Actual,,,,,0.00530997,,,,,NAWQA-17 nacpetn1 LDE_Batch,82766,,,,,,,,,MS071,USGS,Noble gas isotopes (USGS-NGL),,USGS TMR 5-A11,"USGS Noble Gas Lab, Denver Federal Center",2017-08-30,,,,,,,,NWIS
USGS-MD,USGS Maryland Water Science Center,nwismd.01.01700170,Sample-Routine,Water,Groundwater,2016-12-20,14:00:00,EST,,,,,45.0,feet,,,,,,National Water Quality Assessment Program (NAWQA),,U.S. Geological Survey,USGS-385138076585902,,L-3560046 Samples were received chilled at the WHOI lab.,,Not applicable,Not applicable,,,4040,USGS parameter code 82398,Submersible pump,,Suction pump,NWIS-106398123,,,Neon-20/Neon-22 error,Total,0.084,ratio,,Accepted,,Actual,,,,,,,,,,Gas Error for 82753; NAWQA-17 nacpetn1 LDE_Batch,82770,,,,,,,,,MS071,USGS,Noble gas isotopes (USGS-NGL),,USGS TMR 5-A11,"USGS Noble Gas Lab, Denver Federal Center",2017-08-30,,,,,,,,NWIS
USGS-MD,USGS Maryland Water Science Center,nwismd.01.01700170,Sample-Routine,Water,Groundwater,2016-12-20,14:00:00,EST,,,,,45.0,feet,,,,,,National Water Quality Assessment Program (NAWQA),,U.S. Geological Survey,USGS-385138076585902,,L-3560046 Samples were received chilled at the WHOI lab.,,Not applicable,Not applicable,,,4040,USGS parameter code 82398,Submersible pump,,Suction pump,NWIS-106398124,,,Argon-40/Argon-36 error,Total,1.6,ratio,,Accepted,,Actual,,,,,,,,,,Gas Error for 82756; NAWQA-17 nacpetn1 LDE_Batch,82773,,,,,,,,,MS071,USGS,Noble gas isotopes (USGS-NGL),,USGS TMR 5-A11,"USGS Noble Gas Lab, Denver Federal Center",2017-08-30,,,,,,,,NWIS
USGS-MD,USGS Maryland Water Science Center,nwismd.01.01700170,Sample-Routine,Water,Groundwater,2016-12-20,14:00:00,EST,,,,,45.0,feet,,,,,,National Water Quality Assessment Program (NAWQA),,U.S. Geological Survey,USGS-385138076585902,,L-3560046 Samples were received chilled at the WHOI lab.,,Not applicable,Not applicable,,,4040,USGS parameter code 82398,Submersible pump,,Suction pump,NWIS-106398125,,,Krypton-86/Krypton-84 error,Total,0.0022,ratio,,Accepted,,Actual,,,,,,,,,,Gas Error for 82761; NAWQA-17 nacpetn1 LDE_Batch,82778,,,,,,,,,MS071,USGS,Noble gas isotopes (USGS-NGL),,USGS TMR 5-A11,"USGS Noble Gas Lab, Denver Federal Center",2017-08-30,,,,,,,,NWIS
USGS-MD,USGS Maryland Water Science Center,nwismd.01.01700170,Sample-Routine,Water,Groundwater,2016-12-20,14:00:00,EST,,,,,45.0,feet,,,,,,National Water Quality Assessment Program (NAWQA),,U.S. Geological Survey,USGS-385138076585902,,L-3560046 Samples were received chilled at the WHOI lab.,,Not applicable,Not applicable,,,4040,USGS parameter code 82398,Submersible pump,,Suction pump,NWIS-106398126,,,Xenon-130/Xenon-132 error,Total,0.0053,ratio,,Accepted,,Actual,,,,,,,,,,Gas Error for 82766; NAWQA-17 nacpetn1 LDE_Batch,82783,,,,,,,,,MS071,USGS,Noble gas isotopes (USGS-NGL),,USGS TMR 5-A11,"USGS Noble Gas Lab, Denver Federal Center",2017-08-30,,,,,,,,NWIS
USGS-MD,USGS Maryland Water Science Center,nwismd.01.01700170,Sample-Routine,Water,Groundwater,2016-12-20,14:00:00,EST,,,,,45.0,feet,,,,,,National Water Quality Assessment Program (NAWQA),,U.S. Geological Survey,USGS-385138076585902,,L-3560046 Samples were received chilled at the WHOI lab.,,Not applicable,Not applicable,,,4040,USGS parameter code 82398,Submersible pump,,Suction pump,NWIS-106398128,,,Helium-4,Dissolved,0.0000000596,cm3/g @STP,,Accepted,,Actual,,,,,4.8869E-10,,,,,NAWQA-17 nacpetn1 LDE_Batch,85561,,,,,,,,,MS071,USGS,Noble gas isotopes (USGS-NGL),,USGS TMR 5-A11,"USGS Noble Gas Lab, Denver Federal Center",2017-08-30,,,,,,,,NWIS
USGS-MD,USGS Maryland Water Science Center,nwismd.01.01700170,Sample-Routine,Water,Groundwater,2016-12-20,14:00:00,EST,,,,,45.0,feet,,,,,,National Water Quality Assessment Program (NAWQA),,U.S. Geological Survey,USGS-385138076585902,,L-3560046 Samples were received chilled at the WHOI lab.,,Not applicable,Not applicable,,,4040,USGS parameter code 82398,Submersible pump,,Suction pump,NWIS-106398129,,,Helium-4,Total,0.0000000004,cm3/g @STP,,Accepted,Standard Deviation,Actual,,,,,,,,,,Gas Error for 85561; NAWQA-17 nacpetn1 LDE_Batch,85562,,,,,,,,,MS071,USGS,Noble gas isotopes (USGS-NGL),,USGS TMR 5-A11,"USGS Noble Gas Lab, Denver Federal Center",2017-08-30,,,,,,,,NWIS
USGS-MD,USGS Maryland Water Science Center,nwismd.01.01700170,Sample-Routine,Water,Groundwater,2016-12-20,14:00:00,EST,,,,,45.0,feet,,,,,,National Water Quality Assessment Program (NAWQA),,U.S. Geological Survey,USGS-385138076585902,,L-3560046 Samples were received chilled at the WHOI lab.,,Not applicable,Not applicable,,,4040,USGS parameter code 82398,Submersible pump,,Suction pump,NWIS-106398136,,,Helium-3/helium-4 error,Total,0.0000000108,None,,Accepted,Standard Deviation,Actual,,,,,,,,,,Gas Error for 61040; NAWQA-17 nacpetn1 LDE_Batch,85569,,,,,,,,,MS071,USGS,Noble gas isotopes (USGS-NGL),,USGS TMR 5-A11,"USGS Noble Gas Lab, Denver Federal Center",2017-08-30,,,,,,,,NWIS
USGS-MD,USGS Maryland Water Science Center,nwismd.01.01601076,Sample-Routine,Water,Groundwater,2016-08-30,12:45:00,EST,,,,,12,feet,,,,,,,,U.S. Geological Survey-Water Resources Discipline,USGS-385534076582101,,L-2440022 Deleted Schedule 2033 per Bringman. 9/1/2016 mec,,Not applicable,Not applicable,,,4080,USGS parameter code 82398,Peristaltic pump,,Peristaltic pump,NWIS-105901937,Not Detected,,CFC-12,Recoverable,,,,Accepted,,Actual,,,,,,,,,,Added qualifier code: none.  Comments: ICV drift > 20%.  RTI Sample: 1608A97-002.,34668,,,,,,,,,GM044,USGS,"VOCs, wu, GCMS (8260C; DODESP)",,,"RTI Laboratories Inc., Livonia, Michigan",2016-08-31,see result laboratory comment,,Laboratory Reporting Level,1,ug/l,,,NWIS
USGS-MD,USGS Maryland Water Science Center,nwismd.01.01601085,Quality Control Sample-Field Replicate,Water,Groundwater,2016-08-31,10:00:00,EST,,,,,33,feet,,,,,,,,U.S. Geological Survey-Water Resources Discipline,USGS-385332076564102,,,,Not applicable,Not applicable,,,4047,USGS parameter code 82398,Submersible gear pump,,Submersible gear pump,NWIS-105904543,Not Detected,,CFC-12,Recoverable,,,,Accepted,,Actual,,,,,,,,,,Added qualifier code: none.  Comments: ICV drift > 20%.  RTI Sample: 1609036-001.,34668,,,,,,,,,GM044,USGS,"VOCs, wu, GCMS (8260C; DODESP)",,,"RTI Laboratories Inc., Livonia, Michigan",2016-09-01,see result laboratory comment,,Laboratory Reporting Level,1,ug/l,,,NWIS
USGS-MD,USGS Maryland Water Science Center,nwismd.01.01601091,Sample-Routine,Water,Groundwater,2016-09-12,11:00:00,EST,,,,,34,feet,,,,,,,,U.S. Geological Survey-Water Resources Discipline,USGS-385519077012601,,,,Not applicable,Not applicable,,,4080,USGS parameter code 82398,Peristaltic pump,,Peristaltic pump,NWIS-105928973,Not Detected,,CFC-12,Recoverable,,,,Accepted,,Actual,,,,,,,,,,Added qualifier code: none.  RTI Sample: 1609375-001.,34668,,,,,,,,,GM044,USGS,"VOCs, wu, GCMS (8260C; DODESP)",,,"RTI Laboratories Inc., Livonia, Michigan",2016-09-19,see result laboratory comment,,Laboratory Reporting Level,1,ug/l,,,NWIS
USGS-MD,USGS Maryland Water Science Center,nwismd.01.01601082,Sample-Routine,Water,Groundwater,2016-08-29,12:45:00,EST,,,,,25,feet,,,,,,,,U.S. Geological Survey-Water Resources Discipline,USGS-385929077020901,,L-2430012 Added proposal number CL16046 based on proposal number from other samples received from this collector. 9/7/2016 mec,,Not applicable,Not applicable,,,4047,USGS parameter code 82398,Submersible gear pump,,Submersible gear pump,NWIS-105903361,Not Detected,,CFC-12,Recoverable,,,,Accepted,,Actual,,,,,,,,,,Added qualifier code: none.  Comments: ICV drift > 20%.  RTI Sample: 1608A50-001.,34668,,,,,,,,,GM044,USGS,"VOCs, wu, GCMS (8260C; DODESP)",,,"RTI Laboratories Inc., Livonia, Michigan",2016-08-31,see result laboratory comment,,Laboratory Reporting Level,1,ug/l,,,NWIS
USGS-MD,USGS Maryland Water Science Center,nwismd.01.01601092,Sample-Routine,Water,Groundwater,2016-09-01,10:45:00,EST,,,,,13,feet,,,,,,,,U.S. Geological Survey-Water Resources Discipline,USGS-385354076555901,,L-2460145 X=no sta id on samples used station name,,Not applicable,Not applicable,,,4040,USGS parameter code 82398,Submersible pump,,Submersible positive-pressure pump,NWIS-105929756,Not Detected,,CFC-12,Recoverable,,,,Accepted,,Actual,,,,,,,,,,"""Added qualifier code: none.  Comments: ICV drift > 20%, CCV drift > 20%.  RTI Sample: 1609085-001.""",34668,,,,,,,,,GM044,USGS,"VOCs, wu, GCMS (8260C; DODESP)",,,"RTI Laboratories Inc., Livonia, Michigan",2016-09-06,see result laboratory comment,,Laboratory Reporting Level,1,ug/l,,,NWIS
USGS-MD,USGS Maryland Water Science Center,nwismd.01.01700125,Sample-Routine,Water,Groundwater,2016-12-06,13:00:00,EST,,,,,240,feet,,,,,,,,U.S. Geological Survey-Water Resources Discipline,USGS-385252076572801,,L-3420085 Samples were received chilled at the WHOI lab.,,Not applicable,Not applicable,,,4040,USGS parameter code 82398,Submersible pump,,Submersible gear pump,NWIS-106339304,,,Helium-3/helium-4 ratio,Total,0.000000258,ratio,,Accepted,,Actual,,,,,2.5354E-09,,,,,NAWQA-17 MD-DE NACPETN1 NACPMSS1_Batch,61040,,,,,,,,,MS071,USGS,Noble gas isotopes (USGS-NGL),,USGS TMR 5-A11,"USGS Noble Gas Lab, Denver Federal Center",2017-09-27,,,,,,,,NWIS
USGS-MD,USGS Maryland Water Science Center,nwismd.01.01700125,Sample-Routine,Water,Groundwater,2016-12-06,13:00:00,EST,,,,,240,feet,,,,,,,,U.S. Geological Survey-Water Resources Discipline,USGS-385252076572801,,L-3420085 Samples were received chilled at the WHOI lab.,,Not applicable,Not applicable,,,4040,USGS parameter code 82398,Submersible pump,,Submersible gear pump,NWIS-106339327,,,Carbon-13/Carbon-12 ratio,Total,-17.38,per mil,,Accepted,,Actual,,,,,,,,,,,82081,,,,,,,,,MS039,USGS,"C-13/12, wf, per NWQL Memo 96-05",,NOSAMS General procedure document,"Natl Ocean Sciences AMS Facility (NOSAMS), Woods Hole, MA",2017-03-07,,,,,,,,NWIS
USGS-MD,USGS Maryland Water Science Center,nwismd.01.01700125,Sample-Routine,Water,Groundwater,2016-12-06,13:00:00,EST,,,,,240,feet,,,,,,,,U.S. Geological Survey-Water Resources Discipline,USGS-385252076572801,,L-3420085 Samples were received chilled at the WHOI lab.,,Not applicable,Not applicable,,,4040,USGS parameter code 82398,Submersible pump,,Submersible gear pump,NWIS-106339329,,,Oxygen-18/Oxygen-16 ratio,Total,-7.93,per mil,,Accepted,,Actual,,,,,,,,,,,82085,,,,,,,,,MS020,USGS,"Oxygen-18/16, wu, by MS",,USGS TMR 10-C1,"USGS-NRP, Stable Isotope Lab, Reston, VA",2017-01-13,,,,,,,,NWIS
USGS-MD,USGS Maryland Water Science Center,nwismd.01.01700125,Sample-Routine,Water,Groundwater,2016-12-06,13:00:00,EST,,,,,240,feet,,,,,,,,U.S. Geological Survey-Water Resources Discipline,USGS-385252076572801,,L-3420085 Samples were received chilled at the WHOI lab.,,Not applicable,Not applicable,,,4040,USGS parameter code 82398,Submersible pump,,Submersible gear pump,NWIS-106339332,,,Neon-20/Neon-22 ratio,Total,9.80,ratio,,Accepted,,Actual,,,,,0.02980531,,,,,NAWQA-17 MD-DE NACPETN1 NACPMSS1_Batch,82753,,,,,,,,,MS071,USGS,Noble gas isotopes (USGS-NGL),,USGS TMR 5-A11,"USGS Noble Gas Lab, Denver Federal Center",2017-09-27,,,,,,,,NWIS
USGS-MD,USGS Maryland Water Science Center,nwismd.01.01700125,Sample-Routine,Water,Groundwater,2016-12-06,13:00:00,EST,,,,,240,feet,,,,,,,,U.S. Geological Survey-Water Resources Discipline,USGS-385252076572801,,L-3420085 Samples were received chilled at the WHOI lab.,,Not applicable,Not applicable,,,4040,USGS parameter code 82398,Submersible pump,,Submersible gear pump,NWIS-106339333,,,Argon-40/Argon-36 ratio,Total,294.6,ratio,,Accepted,,Actual,,,,,1.52298462,,,,,NAWQA-17 MD-DE NACPETN1 NACPMSS1_Batch,82756,,,,,,,,,MS071,USGS,Noble gas isotopes (USGS-NGL),,USGS TMR 5-A11,"USGS Noble Gas Lab, Denver Federal Center",2017-09-27,,,,,,,,NWIS
USGS-MD,USGS Maryland Water Science Center,nwismd.01.01700125,Sample-Routine,Water,Groundwater,2016-12-06,13:00:00,EST,,,,,240,feet,,,,,,,,U.S. Geological Survey-Water Resources Discipline,USGS-385252076572801,,L-3420085 Samples were received chilled at the WHOI lab.,,Not applicable,Not applicable,,,4040,USGS parameter code 82398,Submersible pump,,Submersible gear pump,NWIS-106339334,,,Krypton-86/Krypton-84 ratio,Total,0.3037,ratio,,Accepted,,Actual,,,,,0.00127505,,,,,NAWQA-17 MD-DE NACPETN1 NACPMSS1_Batch,82761,,,,,,,,,MS071,USGS,Noble gas isotopes (USGS-NGL),,USGS TMR 5-A11,"USGS Noble Gas Lab, Denver Federal Center",2017-09-27,,,,,,,,NWIS
USGS-MD,USGS Maryland Water Science Center,nwismd.01.01700125,Sample-Routine,Water,Groundwater,2016-12-06,13:00:00,EST,,,,,240,feet,,,,,,,,U.S. Geological Survey-Water Resources Discipline,USGS-385252076572801,,L-3420085 Samples were received chilled at the WHOI lab.,,Not applicable,Not applicable,,,4040,USGS parameter code 82398,Submersible pump,,Submersible gear pump,NWIS-106339335,,,Xenon-130/Xenon-132 ratio,Total,0.152,ratio,,Accepted,,Actual,,,,,0.00415688,,,,,NAWQA-17 MD-DE NACPETN1 NACPMSS1_Batch,82766,,,,,,,,,MS071,USGS,Noble gas isotopes (USGS-NGL),,USGS TMR 5-A11,"USGS Noble Gas Lab, Denver Federal Center",2017-09-27,,,,,,,,NWIS
USGS-MD,USGS Maryland Water Science Center,nwismd.01.01700125,Sample-Routine,Water,Groundwater,2016-12-06,13:00:00,EST,,,,,240,feet,,,,,,,,U.S. Geological Survey-Water Resources Discipline,USGS-385252076572801,,L-3420085 Samples were received chilled at the WHOI lab.,,Not applicable,Not applicable,,,4040,USGS parameter code 82398,Submersible pump,,Submersible gear pump,NWIS-106339336,,,Neon-20/Neon-22 error,Total,0.030,ratio,,Accepted,,Actual,,,,,,,,,,Gas Error for 82753; NAWQA-17 MD-DE NACPETN1 NACPMSS1_Batch,82770,,,,,,,,,MS071,USGS,Noble gas isotopes (USGS-NGL),,USGS TMR 5-A11,"USGS Noble Gas Lab, Denver Federal Center",2017-09-27,,,,,,,,NWIS
USGS-MD,USGS Maryland Water Science Center,nwismd.01.01700125,Sample-Routine,Water,Groundwater,2016-12-06,13:00:00,EST,,,,,240,feet,,,,,,,,U.S. Geological Survey-Water Resources Discipline,USGS-385252076572801,,L-3420085 Samples were received chilled at the WHOI lab.,,Not applicable,Not applicable,,,4040,USGS parameter code 82398,Submersible pump,,Submersible gear pump,NWIS-106339337,,,Argon-40/Argon-36 error,Total,1.5,ratio,,Accepted,,Actual,,,,,,,,,,Gas Error for 82756; NAWQA-17 MD-DE NACPETN1 NACPMSS1_Batch,82773,,,,,,,,,MS071,USGS,Noble gas isotopes (USGS-NGL),,USGS TMR 5-A11,"USGS Noble Gas Lab, Denver Federal Center",2017-09-27,,,,,,,,NWIS
USGS-MD,USGS Maryland Water Science Center,nwismd.01.01700125,Sample-Routine,Water,Groundwater,2016-12-06,13:00:00,EST,,,,,240,feet,,,,,,,,U.S. Geological Survey-Water Resources Discipline,USGS-385252076572801,,L-3420085 Samples were received chilled at the WHOI lab.,,Not applicable,Not applicable,,,4040,USGS parameter code 82398,Submersible pump,,Submersible gear pump,NWIS-106339338,,,Krypton-86/Krypton-84 error,Total,0.0013,ratio,,Accepted,,Actual,,,,,,,,,,Gas Error for 82761; NAWQA-17 MD-DE NACPETN1 NACPMSS1_Batch,82778,,,,,,,,,MS071,USGS,Noble gas isotopes (USGS-NGL),,USGS TMR 5-A11,"USGS Noble Gas Lab, Denver Federal Center",2017-09-27,,,,,,,,NWIS
USGS-MD,USGS Maryland Water Science Center,nwismd.01.01700125,Sample-Routine,Water,Groundwater,2016-12-06,13:00:00,EST,,,,,240,feet,,,,,,,,U.S. Geological Survey-Water Resources Discipline,USGS-385252076572801,,L-3420085 Samples were received chilled at the WHOI lab.,,Not applicable,Not applicable,,,4040,USGS parameter code 82398,Submersible pump,,Submersible gear pump,NWIS-106339339,,,Xenon-130/Xenon-132 error,Total,0.0042,ratio,,Accepted,,Actual,,,,,,,,,,Gas Error for 82766; NAWQA-17 MD-DE NACPETN1 NACPMSS1_Batch,82783,,,,,,,,,MS071,USGS,Noble gas isotopes (USGS-NGL),,USGS TMR 5-A11,"USGS Noble Gas Lab, Denver Federal Center",2017-09-27,,,,,,,,NWIS
USGS-MD,USGS Maryland Water Science Center,nwismd.01.01700125,Sample-Routine,Water,Groundwater,2016-12-06,13:00:00,EST,,,,,240,feet,,,,,,,,U.S. Geological Survey-Water Resources Discipline,USGS-385252076572801,,L-3420085 Samples were received chilled at the WHOI lab.,,Not applicable,Not applicable,,,4040,USGS parameter code 82398,Submersible pump,,Submersible gear pump,NWIS-106339341,,,Helium-4,Dissolved,0.000000729,cm3/g @STP,,Accepted,,Actual,,,,,7.0426E-09,,,,,NAWQA-17 MD-DE NACPETN1 NACPMSS1_Batch,85561,,,,,,,,,MS071,USGS,Noble gas isotopes (USGS-NGL),,USGS TMR 5-A11,"USGS Noble Gas Lab, Denver Federal Center",2017-09-27,,,,,,,,NWIS
USGS-MD,USGS Maryland Water Science Center,nwismd.01.01700125,Sample-Routine,Water,Groundwater,2016-12-06,13:00:00,EST,,,,,240,feet,,,,,,,,U.S. Geological Survey-Water Resources Discipline,USGS-385252076572801,,L-3420085 Samples were received chilled at the WHOI lab.,,Not applicable,Not applicable,,,4040,USGS parameter code 82398,Submersible pump,,Submersible gear pump,NWIS-106339342,,,Helium-4,Total,0.0000000070,cm3/g @STP,,Accepted,Standard Deviation,Actual,,,,,,,,,,Gas Error for 85561; NAWQA-17 MD-DE NACPETN1 NACPMSS1_Batch,85562,,,,,,,,,MS071,USGS,Noble gas isotopes (USGS-NGL),,USGS TMR 5-A11,"USGS Noble Gas Lab, Denver Federal Center",2017-09-27,,,,,,,,NWIS
USGS-MD,USGS Maryland Water Science Center,nwismd.01.01700125,Sample-Routine,Water,Groundwater,2016-12-06,13:00:00,EST,,,,,240,feet,,,,,,,,U.S. Geological Survey-Water Resources Discipline,USGS-385252076572801,,L-3420085 Samples were received chilled at the WHOI lab.,,Not applicable,Not applicable,,,4040,USGS parameter code 82398,Submersible pump,,Submersible gear pump,NWIS-106339349,,,Helium-3/helium-4 error,Total,0.0000000025,None,,Accepted,Standard Deviation,Actual,,,,,,,,,,Gas Error for 61040; NAWQA-17 MD-DE NACPETN1 NACPMSS1_Batch,85569,,,,,,,,,MS071,USGS,Noble gas isotopes (USGS-NGL),,USGS TMR 5-A11,"USGS Noble Gas Lab, Denver Federal Center",2017-09-27,,,,,,,,NWIS
USGS-MD,USGS Maryland Water Science Center,nwismd.01.01601086,Sample-Routine,Water,Groundwater,2016-08-23,13:45:00,EST,,,,,23,feet,,,,,,,,U.S. Geological Survey-Water Resources Discipline,USGS-385649076584201,,L-2370211 ASR and COC form were soaking wet. Please put in plastic bag taped to underside of cooler lid,,Not applicable,Not applicable,,,4047,USGS parameter code 82398,Submersible gear pump,,Submersible gear pump,NWIS-105903917,Not Detected,,CFC-12,Recoverable,,,,Accepted,,Actual,,,,,,,,,,Added qualifier code: none.  Comments: CCV drift > 20%.  RTI Sample: 1608841-001.,34668,,,,,,,,,GM044,USGS,"VOCs, wu, GCMS (8260C; DODESP)",,,"RTI Laboratories Inc., Livonia, Michigan",2016-08-26,see result laboratory comment,,Laboratory Reporting Level,1,ug/l,,,NWIS
USGS-MD,USGS Maryland Water Science Center,nwismd.01.01601088,Sample-Routine,Water,Groundwater,2016-09-22,10:00:00,EST,,,,,25,feet,,,,,,,,U.S. Geological Survey-Water Resources Discipline,USGS-385504076563802,,,,Not applicable,Not applicable,,,4040,USGS parameter code 82398,Submersible pump,,Submersible positive-pressure pump,NWIS-105928657,Not Detected,,CFC-12,Recoverable,,,,Accepted,,Actual,,,,,,,,,,"Added qualifier code: none.  Comments: ICV drift > 20%, CCV drift > 20%.  RTI Sample: 1609815-001.",34668,,,,,,,,,GM044,USGS,"VOCs, wu, GCMS (8260C; DODESP)",,,"RTI Laboratories Inc., Livonia, Michigan",2016-10-06,see result laboratory comment,,Laboratory Reporting Level,1,ug/l,,,NWIS
USGS-MD,USGS Maryland Water Science Center,nwismd.01.01601077,Quality Control Sample-Field Replicate,Water,Groundwater,2016-09-06,10:45:00,EST,,,,,25,feet,,,,,,,,U.S. Geological Survey-Water Resources Discipline,USGS-385332076594701,,L-2510001 X=time on bottles is 1245,,Not applicable,Not applicable,,,4047,USGS parameter code 82398,Submersible gear pump,,Submersible gear pump,NWIS-105902181,Not Detected,,CFC-12,Recoverable,,,,Accepted,,Actual,,,,,,,,,,Added qualifier code: none.  RTI Sample: 1609173-001.,34668,,,,,,,,,GM044,USGS,"VOCs, wu, GCMS (8260C; DODESP)",,,"RTI Laboratories Inc., Livonia, Michigan",2016-09-08,see result laboratory comment,,Laboratory Reporting Level,1,ug/l,,,NWIS
USGS-MD,USGS Maryland Water Science Center,nwismd.01.01601093,Sample-Routine,Water,Groundwater,2016-09-07,09:15:00,EST,,,,,53,feet,,,,,,,,U.S. Geological Survey-Water Resources Discipline,USGS-385138076585902,,,,Not applicable,Not applicable,,,4040,USGS parameter code 82398,Submersible pump,,Submersible positive-pressure pump,NWIS-105929991,Not Detected,,CFC-12,Recoverable,,,,Accepted,,Actual,,,,,,,,,,Added qualifier code: none.  RTI Sample: 1609233-001.,34668,,,,,,,,,GM044,USGS,"VOCs, wu, GCMS (8260C; DODESP)",,,"RTI Laboratories Inc., Livonia, Michigan",2016-09-08,see result laboratory comment,,Laboratory Reporting Level,1,ug/l,,,NWIS
USGS-MD,USGS Maryland Water Science Center,nwismd.01.01601087,Sample-Routine,Water,Groundwater,2016-09-20,12:00:00,EST,,,,,256,feet,,,,,,,,U.S. Geological Survey-Water Resources Discipline,USGS-385252076572801,,,,Not applicable,Not applicable,,,4047,USGS parameter code 82398,Submersible gear pump,,Submersible gear pump,NWIS-105904232,Not Detected,,CFC-12,Recoverable,,,,Accepted,,Actual,,,,,,,,,,Added qualifier code: none.  RTI Sample: 1609735-001.,34668,,,,,,,,,GM044,USGS,"VOCs, wu, GCMS (8260C; DODESP)",,,"RTI Laboratories Inc., Livonia, Michigan",2016-09-27,see result laboratory comment,,Laboratory Reporting Level,1,ug/l,,,NWIS
USGS-MD,USGS Maryland Water Science Center,nwismd.01.01601080,Sample-Routine,Water,Groundwater,2016-08-30,10:00:00,EST,,,,,31,feet,,,,,,,,U.S. Geological Survey-Water Resources Discipline,USGS-385527077000701,,,,Not applicable,Not applicable,,,4080,USGS parameter code 82398,Peristaltic pump,,Peristaltic pump,NWIS-105902809,Not Detected,,CFC-12,Recoverable,,,,Accepted,,Actual,,,,,,,,,,Added qualifier code: none.  Comments: ICV drift > 20%.  RTI Sample: 1608A97-001.,34668,,,,,,,,,GM044,USGS,"VOCs, wu, GCMS (8260C; DODESP)",,,"RTI Laboratories Inc., Livonia, Michigan",2016-08-31,see result laboratory comment,,Laboratory Reporting Level,1,ug/l,,,NWIS
USGS-MD,USGS Maryland Water Science Center,nwismd.01.01601094,Sample-Routine,Water,Groundwater,2016-09-21,11:00:00,EST,,,,,75,feet,,,,,,,,U.S. Geological Survey-Water Resources Discipline,USGS-385644077061101,,L-2660055 X=no red tape seal on cooler indicating COC,,Not applicable,Not applicable,,,4040,USGS parameter code 82398,Submersible pump,,Submersible positive-pressure pump,NWIS-105929208,Not Detected,,CFC-12,Recoverable,,,,Accepted,,Actual,,,,,,,,,,Added qualifier code: none.  RTI Sample: 1609735-003.,34668,,,,,,,,,GM044,USGS,"VOCs, wu, GCMS (8260C; DODESP)",,,"RTI Laboratories Inc., Livonia, Michigan",2016-09-27,see result laboratory comment,,Laboratory Reporting Level,1,ug/l,,,NWIS
USGS-MD,USGS Maryland Water Science Center,nwismd.01.01601079,Sample-Routine,Water,Groundwater,2016-09-07,11:20:00,EST,,,,,15,feet,,,,,,,,U.S. Geological Survey-Water Resources Discipline,USGS-385138076585901,,,,Not applicable,Not applicable,,,4047,USGS parameter code 82398,Submersible gear pump,,Submersible gear pump,NWIS-105902576,Not Detected,,CFC-12,Recoverable,,,,Accepted,,Actual,,,,,,,,,,Added qualifier code: none.  RTI Sample: 1609233-002.,34668,,,,,,,,,GM044,USGS,"VOCs, wu, GCMS (8260C; DODESP)",,,"RTI Laboratories Inc., Livonia, Michigan",2016-09-08,see result laboratory comment,,Laboratory Reporting Level,1,ug/l,,,NWIS
USGS-MD,USGS Maryland Water Science Center,nwismd.01.01601081,Sample-Routine,Water,Groundwater,2016-08-31,14:15:00,EST,,,,,19,feet,,,,,,,,U.S. Geological Survey-Water Resources Discipline,USGS-385327076544801,,,,Not applicable,Not applicable,,,4033,USGS parameter code 82398,Suction lift peristaltic pump,,Peristaltic pump,NWIS-105903051,Not Detected,,CFC-12,Recoverable,,,,Accepted,,Actual,,,,,,,,,,Added qualifier code: none.  Comments: ICV drift > 20%.  RTI Sample: 1609036-004.,34668,,,,,,,,,GM044,USGS,"VOCs, wu, GCMS (8260C; DODESP)",,,"RTI Laboratories Inc., Livonia, Michigan",2016-09-01,see result laboratory comment,,Laboratory Reporting Level,1,ug/l,,,NWIS
USGS-MD,USGS Maryland Water Science Center,nwismd.01.02001249,Sample-Routine,Water,Groundwater,2019-10-09,11:30:00,EDT,,,,,,,,,,,,,,U.S. Geological Survey-Water Resources Discipline,USGS-385243076580901,,"L-2890062 Received two RUs, two FAs and two PESTS. Improper sample container; First FA logged has black cap. No bottle type on PEST vials. DOC bottle says FA and DOC on it.",,Not applicable,Not applicable,,,USGS,USGS,USGS,,Unknown,NWIS-120610332,Not Detected,,CFC-12,Recoverable,,,,Preliminary,,Actual,,,,,,,,,,Added qualifier code: none.  RTI Sample: 1910468-002.,34668,,,,,,,,,GM044,USGS,"VOCs, wu, GCMS (8260C; DODESP)",,,"RTI Laboratories Inc., Livonia, Michigan",2019-10-17,see result laboratory comment,,Laboratory Reporting Level,1,ug/l,,,NWIS
USGS-MD,USGS Maryland Water Science Center,nwismd.01.02001250,Sample-Routine,Water,Groundwater,2019-10-10,15:00:00,EDT,,,,,,,,,,,,,,U.S. Geological Survey-Water Resources Discipline,USGS-385436076573601,,"L-2890063 X= See comments to NWQL for Station ID. Received two RUs, and two PESTs. Improper sample container; First FA logged has black cap. PEST vials have FU bottle type.",,Not applicable,Not applicable,,,USGS,USGS,USGS,,Unknown,NWIS-120610783,Not Detected,,CFC-12,Recoverable,,,,Preliminary,,Actual,,,,,,,,,,Added qualifier code: none.  RTI Sample: 1910468-003.,34668,,,,,,,,,GM044,USGS,"VOCs, wu, GCMS (8260C; DODESP)",,,"RTI Laboratories Inc., Livonia, Michigan",2019-10-17,see result laboratory comment,,Laboratory Reporting Level,1,ug/l,,,NWIS