OrganizationIdentifier,OrganizationFormalName,ActivityIdentifier,ActivityTypeCode,ActivityMediaName,ActivityMediaSubdivisionName,ActivityStartDate,ActivityStartTime/Time,ActivityStartTime/TimeZoneCode,ActivityEndDate,ActivityEndTime/Time,ActivityEndTime/TimeZoneCode,ActivityRelativeDepthName,ActivityDepthHeightMeasure/MeasureValue,ActivityDepthHeightMeasure/MeasureUnitCode,ActivityDepthAltitudeReferencePointText,ActivityTopDepthHeightMeasure/MeasureValue,ActivityTopDepthHeightMeasure/MeasureUnitCode,ActivityBottomDepthHeightMeasure/MeasureValue,ActivityBottomDepthHeightMeasure/MeasureUnitCode,ProjectIdentifier,ProjectName,ActivityConductingOrganizationText,MonitoringLocationIdentifier,MonitoringLocationName,ActivityCommentText,SampleAquifer,HydrologicCondition,HydrologicEvent,ActivityLocation/LatitudeMeasure,ActivityLocation/LongitudeMeasure,SampleCollectionMethod/MethodIdentifier,SampleCollectionMethod/MethodIdentifierContext,SampleCollectionMethod/MethodName,SampleCollectionMethod/MethodDescriptionText,SampleCollectionEquipmentName,ResultIdentifier,ResultDetectionConditionText,MethodSpeciationName,CharacteristicName,ResultSampleFractionText,ResultMeasureValue,ResultMeasure/MeasureUnitCode,MeasureQualifierCode,ResultStatusIdentifier,StatisticalBaseCode,ResultValueTypeName,ResultWeightBasisText,ResultTimeBasisText,ResultTemperatureBasisText,ResultParticleSizeBasisText,DataQuality/PrecisionValue,DataQuality/BiasValue,DataQuality/ConfidenceIntervalValue,DataQuality/UpperConfidenceLimitValue,DataQuality/LowerConfidenceLimitValue,ResultCommentText,USGSPCode,ResultDepthHeightMeasure/MeasureValue,ResultDepthHeightMeasure/MeasureUnitCode,ResultDepthAltitudeReferencePointText,SubjectTaxonomicName,SampleTissueAnatomyName,BinaryObjectFileName,BinaryObjectFileTypeCode,ResultFileUrl,ResultAnalyticalMethod/MethodIdentifier,ResultAnalyticalMethod/MethodIdentifierContext,ResultAnalyticalMethod/MethodName,ResultAnalyticalMethod/MethodUrl,ResultAnalyticalMethod/MethodDescriptionText,LaboratoryName,AnalysisStartDate,ResultLaboratoryCommentText,ResultDetectionQuantitationLimitUrl,DetectionQuantitationLimitTypeName,DetectionQuantitationLimitMeasure/MeasureValue,DetectionQuantitationLimitMeasure/MeasureUnitCode,LabSamplePreparationUrl,LastUpdated,ProviderName
USGS-WV,USGS West Virginia Water Science Center,nwiswv.01.01000051,Sample-Routine,Water,Groundwater,2010-05-06,10:20:00,EDT,,,,,,,,,,,,,,U.S. Geological Survey,USGS-391950078032900,,"L-1310055 Received May 08, 2010  Received May 08,2010",,Not applicable,Not applicable,,,USGS,USGS,USGS,,Unknown,NWIS-82565422,Not Detected,,CFC-12,Recoverable,,,,Accepted,,Actual,,,,,,,,,,The parameter 34668 is a highly variable compound in schedule 11307,34668,,,,,,,,,GCM68,USGS,"VOC, wu, censor at <RL, GCMS",,USGS OF 97-829,"USGS-National Water Quality Lab, Denver, CO",2010-05-13,value is highly variable by this methodsee result laboratory comment,,Lower Reporting Limit,0.2,ug/l,,,NWIS
USGS-WV,USGS West Virginia Water Science Center,nwiswv.01.01300175,Sample-Routine,Water,Groundwater,2013-08-20,11:00:00,EDT,,,,,,,,,,,,National Water Quality Assessment Program (NAWQA),,U.S. Geological Survey,USGS-393418078132201,,"L-2330053 User Code VA changed to WV per A. Melberg, paa, 9/10/13  Begin date is missing in mandatory field, time = 1100, JNV  Samples were received chilled at the WHOI lab...  date added to ASR per NWQL ASRs, paa, 9/3/13..  User Code VA changed to WV per A. Melberg, paa, 9/10/13",,Not applicable,Not applicable,,,USGS,USGS,USGS,,Unknown,NWIS-96337163,,,CFC-12,Recoverable,3.4,pg/kg,,Preliminary,,Actual,,,,,,,,,,Mid to late 1940's,50282,,,,,,,,,GCE23,USGS,"CFCs, age date,wu,foil-lined cap",,,"USGS-NRP, Chlorofluorocarbon Laboratory, Reston, VA",,,,,,,,,NWIS
USGS-WV,USGS West Virginia Water Science Center,nwiswv.01.01300175,Sample-Routine,Water,Groundwater,2013-08-20,11:00:00,EDT,,,,,,,,,,,,National Water Quality Assessment Program (NAWQA),,U.S. Geological Survey,USGS-393418078132201,,"L-2330053 User Code VA changed to WV per A. Melberg, paa, 9/10/13  Begin date is missing in mandatory field, time = 1100, JNV  Samples were received chilled at the WHOI lab...  date added to ASR per NWQL ASRs, paa, 9/3/13..  User Code VA changed to WV per A. Melberg, paa, 9/10/13",,Not applicable,Not applicable,,,USGS,USGS,USGS,,Unknown,NWIS-96337459,,,Carbon-13/Carbon-12 ratio,Total,-21.10,per mil,,Preliminary,,Actual,,,,,,,,,,,82081,,,,,,,,,MS039,USGS,"C-13/12, wf, per NWQL Memo 96-05",,NOSAMS General procedure document,"Natl Ocean Sciences AMS Facility (NOSAMS), Woods Hole, MA",2013-11-20,,,,,,,,NWIS
USGS-WV,USGS West Virginia Water Science Center,nwiswv.01.01300175,Sample-Routine,Water,Groundwater,2013-08-20,11:00:00,EDT,,,,,,,,,,,,National Water Quality Assessment Program (NAWQA),,U.S. Geological Survey,USGS-393418078132201,,"L-2330053 User Code VA changed to WV per A. Melberg, paa, 9/10/13  Begin date is missing in mandatory field, time = 1100, JNV  Samples were received chilled at the WHOI lab...  date added to ASR per NWQL ASRs, paa, 9/3/13..  User Code VA changed to WV per A. Melberg, paa, 9/10/13",,Not applicable,Not applicable,,,USGS,USGS,USGS,,Unknown,NWIS-96337461,,,Oxygen-18/Oxygen-16 ratio,Total,-8.33,per mil,,Preliminary,,Actual,,,,,,,,,,,82085,,,,,,,,,MS020,USGS,"Oxygen-18/16, wu, by MS",,USGS TMR 10-C1,"USGS-NRP, Stable Isotope Lab, Reston, VA",2013-12-30,,,,,,,,NWIS
USGS-WV,USGS West Virginia Water Science Center,nwiswv.01.01300174,Sample-Routine,Water,Groundwater,2013-08-19,11:02:00,EDT,,,,,,,,,,,,National Water Quality Assessment Program (NAWQA),,U.S. Geological Survey,USGS-392158077525301,,,,Not applicable,Not applicable,,,USGS,USGS,USGS,,Unknown,NWIS-96337057,,,CFC-12,Recoverable,2300,pg/kg,,Preliminary,,Actual,,,,,,,,,,CFC-12 and CFC-113 concentrations many times that of modern ari.,50282,,,,,,,,,GCE23,USGS,"CFCs, age date,wu,foil-lined cap",,,"USGS-NRP, Chlorofluorocarbon Laboratory, Reston, VA",,,,,,,,,NWIS
USGS-WV,USGS West Virginia Water Science Center,nwiswv.01.01300177,Sample-Routine,Water,Groundwater,2013-08-20,11:02:00,EDT,,,,,,,,,,,,National Water Quality Assessment Program (NAWQA),,U.S. Geological Survey,USGS-393418078132201,,,,Not applicable,Not applicable,,,USGS,USGS,USGS,,Unknown,NWIS-96337516,,,CFC-12,Recoverable,3.9,pg/kg,,Preliminary,,Actual,,,,,,,,,,CFC's may have degraded.,50282,,,,,,,,,GCE23,USGS,"CFCs, age date,wu,foil-lined cap",,,"USGS-NRP, Chlorofluorocarbon Laboratory, Reston, VA",,,,,,,,,NWIS
USGS-WV,USGS West Virginia Water Science Center,nwiswv.01.01300172,Sample-Routine,Water,Groundwater,2013-08-19,11:00:00,EDT,,,,,,,,,,,,National Water Quality Assessment Program (NAWQA),,U.S. Geological Survey,USGS-392158077525301,,"L-2320020 X = Samples have date 8-19-13   Begin date is missing in mandatory field, time = 1100, JNV..  date added to ASR per btls, paa, 8/26/13..  User Code VA changed to WV per A. Melberg, paa, 9/10/13  Btl type is FUS, paa Samples were received chilled at the WHOI lab.  User Code VA changed to WV",,Not applicable,Not applicable,,,USGS,USGS,USGS,,Unknown,NWIS-96336719,,,Oxygen-18/Oxygen-16 ratio,Dissolved,1.69,per mil,,Preliminary,,Actual,,,,,,,,,,,63041,,,,,,,,,MS018,USGS,"Oxygen-18/16 in NO3, wf, by MS",,,"USGS-NRP, Stable Isotope Lab, Reston, VA",2013-11-08,,,,,,,,NWIS
USGS-WV,USGS West Virginia Water Science Center,nwiswv.01.01300172,Sample-Routine,Water,Groundwater,2013-08-19,11:00:00,EDT,,,,,,,,,,,,National Water Quality Assessment Program (NAWQA),,U.S. Geological Survey,USGS-392158077525301,,"L-2320020 X = Samples have date 8-19-13   Begin date is missing in mandatory field, time = 1100, JNV..  date added to ASR per btls, paa, 8/26/13..  User Code VA changed to WV per A. Melberg, paa, 9/10/13  Btl type is FUS, paa Samples were received chilled at the WHOI lab.  User Code VA changed to WV",,Not applicable,Not applicable,,,USGS,USGS,USGS,,Unknown,NWIS-96336997,,,Carbon-13/Carbon-12 ratio,Total,-12.21,per mil,,Preliminary,,Actual,,,,,,,,,,,82081,,,,,,,,,MS039,USGS,"C-13/12, wf, per NWQL Memo 96-05",,NOSAMS General procedure document,"Natl Ocean Sciences AMS Facility (NOSAMS), Woods Hole, MA",2013-11-14,,,,,,,,NWIS
USGS-WV,USGS West Virginia Water Science Center,nwiswv.01.01300172,Sample-Routine,Water,Groundwater,2013-08-19,11:00:00,EDT,,,,,,,,,,,,National Water Quality Assessment Program (NAWQA),,U.S. Geological Survey,USGS-392158077525301,,"L-2320020 X = Samples have date 8-19-13   Begin date is missing in mandatory field, time = 1100, JNV..  date added to ASR per btls, paa, 8/26/13..  User Code VA changed to WV per A. Melberg, paa, 9/10/13  Btl type is FUS, paa Samples were received chilled at the WHOI lab.  User Code VA changed to WV",,Not applicable,Not applicable,,,USGS,USGS,USGS,,Unknown,NWIS-96336999,,,Oxygen-18/Oxygen-16 ratio,Total,-8.11,per mil,,Preliminary,,Actual,,,,,,,,,,,82085,,,,,,,,,MS020,USGS,"Oxygen-18/16, wu, by MS",,USGS TMR 10-C1,"USGS-NRP, Stable Isotope Lab, Reston, VA",2013-12-30,,,,,,,,NWIS
USGS-WV,USGS West Virginia Water Science Center,nwiswv.01.01300172,Sample-Routine,Water,Groundwater,2013-08-19,11:00:00,EDT,,,,,,,,,,,,National Water Quality Assessment Program (NAWQA),,U.S. Geological Survey,USGS-392158077525301,,"L-2320020 X = Samples have date 8-19-13   Begin date is missing in mandatory field, time = 1100, JNV..  date added to ASR per btls, paa, 8/26/13..  User Code VA changed to WV per A. Melberg, paa, 9/10/13  Btl type is FUS, paa Samples were received chilled at the WHOI lab.  User Code VA changed to WV",,Not applicable,Not applicable,,,USGS,USGS,USGS,,Unknown,NWIS-96337002,,,Nitrogen-15/14 ratio,Dissolved,6.62,per mil,,Preliminary,,Actual,,,,,,,,,,,82690,,,,,,,,,S0419,USGS,delta 15N/14N of nitrate (RSIL),,USGS TMR 10-C17,"USGS-NRP, Stable Isotope Lab, Reston, VA",2013-11-08,,,,,,,,NWIS
USGS-MD,USGS Maryland Water Science Center,nwismd.01.01400754,Sample-Routine,Water,Groundwater,2014-06-26,10:30:00,EST,,,,,,,Below land-surface datum,84,feet,155,feet,,,U.S. Geological Survey,USGS-391317077555801,,"L-1810057 Received June 27, 2014  corrected ST to GWMSA, paa  Samples were received chilled at the WHOI lab.",,Not applicable,Not applicable,,,4040,USGS parameter code 82398,Submersible pump,,Submersible positive-pressure pump,NWIS-98549340,,,Helium-3/helium-4 ratio,Total,0.000001390,ratio,,Accepted,,Actual,,,,,6.9200E-09,,,,,NAWQA-14-MD-DE Noble Gas Data_Batch,61040,,,,,,,,,MS071,USGS,Noble gas isotopes (USGS-NGL),,USGS TMR 5-A11,"USGS Noble Gas Lab, Denver Federal Center",2015-02-06,,,,,,,,NWIS
USGS-MD,USGS Maryland Water Science Center,nwismd.01.01400754,Sample-Routine,Water,Groundwater,2014-06-26,10:30:00,EST,,,,,,,Below land-surface datum,84,feet,155,feet,,,U.S. Geological Survey,USGS-391317077555801,,"L-1810057 Received June 27, 2014  corrected ST to GWMSA, paa  Samples were received chilled at the WHOI lab.",,Not applicable,Not applicable,,,4040,USGS parameter code 82398,Submersible pump,,Submersible positive-pressure pump,NWIS-98549632,,,Carbon-13/Carbon-12 ratio,Total,-12.30,per mil,,Accepted,,Actual,,,,,,,,,,,82081,,,,,,,,,MS039,USGS,"C-13/12, wf, per NWQL Memo 96-05",,NOSAMS General procedure document,"Natl Ocean Sciences AMS Facility (NOSAMS), Woods Hole, MA",2014-09-26,,,,,,,,NWIS
USGS-MD,USGS Maryland Water Science Center,nwismd.01.01400754,Sample-Routine,Water,Groundwater,2014-06-26,10:30:00,EST,,,,,,,Below land-surface datum,84,feet,155,feet,,,U.S. Geological Survey,USGS-391317077555801,,"L-1810057 Received June 27, 2014  corrected ST to GWMSA, paa  Samples were received chilled at the WHOI lab.",,Not applicable,Not applicable,,,4040,USGS parameter code 82398,Submersible pump,,Submersible positive-pressure pump,NWIS-98549634,,,Oxygen-18/Oxygen-16 ratio,Total,-7.97,per mil,,Accepted,,Actual,,,,,,,,,,,82085,,,,,,,,,MS020,USGS,"Oxygen-18/16, wu, by MS",,USGS TMR 10-C1,"USGS-NRP, Stable Isotope Lab, Reston, VA",2014-10-01,,,,,,,,NWIS
USGS-MD,USGS Maryland Water Science Center,nwismd.01.01400754,Sample-Routine,Water,Groundwater,2014-06-26,10:30:00,EST,,,,,,,Below land-surface datum,84,feet,155,feet,,,U.S. Geological Survey,USGS-391317077555801,,"L-1810057 Received June 27, 2014  corrected ST to GWMSA, paa  Samples were received chilled at the WHOI lab.",,Not applicable,Not applicable,,,4040,USGS parameter code 82398,Submersible pump,,Submersible positive-pressure pump,NWIS-98549637,,,Neon-20/Neon-22 ratio,Total,10.05,ratio,,Accepted,,Actual,,,,,0.04992152,,,,,NAWQA-14-MD-DE Noble Gas Data_Batch,82753,,,,,,,,,MS071,USGS,Noble gas isotopes (USGS-NGL),,USGS TMR 5-A11,"USGS Noble Gas Lab, Denver Federal Center",2015-02-06,,,,,,,,NWIS
USGS-MD,USGS Maryland Water Science Center,nwismd.01.01400754,Sample-Routine,Water,Groundwater,2014-06-26,10:30:00,EST,,,,,,,Below land-surface datum,84,feet,155,feet,,,U.S. Geological Survey,USGS-391317077555801,,"L-1810057 Received June 27, 2014  corrected ST to GWMSA, paa  Samples were received chilled at the WHOI lab.",,Not applicable,Not applicable,,,4040,USGS parameter code 82398,Submersible pump,,Submersible positive-pressure pump,NWIS-98549638,,,Argon-40/Argon-36 ratio,Total,296.4,ratio,,Accepted,,Actual,,,,,1.53599453,,,,,NAWQA-14-MD-DE Noble Gas Data_Batch,82756,,,,,,,,,MS071,USGS,Noble gas isotopes (USGS-NGL),,USGS TMR 5-A11,"USGS Noble Gas Lab, Denver Federal Center",2015-02-06,,,,,,,,NWIS
USGS-MD,USGS Maryland Water Science Center,nwismd.01.01400754,Sample-Routine,Water,Groundwater,2014-06-26,10:30:00,EST,,,,,,,Below land-surface datum,84,feet,155,feet,,,U.S. Geological Survey,USGS-391317077555801,,"L-1810057 Received June 27, 2014  corrected ST to GWMSA, paa  Samples were received chilled at the WHOI lab.",,Not applicable,Not applicable,,,4040,USGS parameter code 82398,Submersible pump,,Submersible positive-pressure pump,NWIS-98549639,,,Krypton-86/Krypton-84 ratio,Total,0.305,ratio,,Accepted,,Actual,,,,,0.00304919,,,,,NAWQA-14-MD-DE Noble Gas Data_Batch,82761,,,,,,,,,MS071,USGS,Noble gas isotopes (USGS-NGL),,USGS TMR 5-A11,"USGS Noble Gas Lab, Denver Federal Center",2015-02-06,,,,,,,,NWIS
USGS-MD,USGS Maryland Water Science Center,nwismd.01.01400754,Sample-Routine,Water,Groundwater,2014-06-26,10:30:00,EST,,,,,,,Below land-surface datum,84,feet,155,feet,,,U.S. Geological Survey,USGS-391317077555801,,"L-1810057 Received June 27, 2014  corrected ST to GWMSA, paa  Samples were received chilled at the WHOI lab.",,Not applicable,Not applicable,,,4040,USGS parameter code 82398,Submersible pump,,Submersible positive-pressure pump,NWIS-98549640,,,Xenon-130/Xenon-132 ratio,Total,0.150,ratio,,Accepted,,Actual,,,,,0.00701804,,,,,NAWQA-14-MD-DE Noble Gas Data_Batch,82766,,,,,,,,,MS071,USGS,Noble gas isotopes (USGS-NGL),,USGS TMR 5-A11,"USGS Noble Gas Lab, Denver Federal Center",2015-02-06,,,,,,,,NWIS
USGS-MD,USGS Maryland Water Science Center,nwismd.01.01400754,Sample-Routine,Water,Groundwater,2014-06-26,10:30:00,EST,,,,,,,Below land-surface datum,84,feet,155,feet,,,U.S. Geological Survey,USGS-391317077555801,,"L-1810057 Received June 27, 2014  corrected ST to GWMSA, paa  Samples were received chilled at the WHOI lab.",,Not applicable,Not applicable,,,4040,USGS parameter code 82398,Submersible pump,,Submersible positive-pressure pump,NWIS-98549641,,,Neon-20/Neon-22 error,Total,0.050,ratio,,Accepted,,Actual,,,,,,,,,,Gas Error for 82753; NAWQA-14-MD-DE Noble Gas Data_Batch,82770,,,,,,,,,MS071,USGS,Noble gas isotopes (USGS-NGL),,USGS TMR 5-A11,"USGS Noble Gas Lab, Denver Federal Center",2015-02-06,,,,,,,,NWIS
USGS-MD,USGS Maryland Water Science Center,nwismd.01.01400754,Sample-Routine,Water,Groundwater,2014-06-26,10:30:00,EST,,,,,,,Below land-surface datum,84,feet,155,feet,,,U.S. Geological Survey,USGS-391317077555801,,"L-1810057 Received June 27, 2014  corrected ST to GWMSA, paa  Samples were received chilled at the WHOI lab.",,Not applicable,Not applicable,,,4040,USGS parameter code 82398,Submersible pump,,Submersible positive-pressure pump,NWIS-98549642,,,Argon-40/Argon-36 error,Total,1.5,ratio,,Accepted,,Actual,,,,,,,,,,Gas Error for 82756; NAWQA-14-MD-DE Noble Gas Data_Batch,82773,,,,,,,,,MS071,USGS,Noble gas isotopes (USGS-NGL),,USGS TMR 5-A11,"USGS Noble Gas Lab, Denver Federal Center",2015-02-06,,,,,,,,NWIS
USGS-MD,USGS Maryland Water Science Center,nwismd.01.01400754,Sample-Routine,Water,Groundwater,2014-06-26,10:30:00,EST,,,,,,,Below land-surface datum,84,feet,155,feet,,,U.S. Geological Survey,USGS-391317077555801,,"L-1810057 Received June 27, 2014  corrected ST to GWMSA, paa  Samples were received chilled at the WHOI lab.",,Not applicable,Not applicable,,,4040,USGS parameter code 82398,Submersible pump,,Submersible positive-pressure pump,NWIS-98549643,,,Krypton-86/Krypton-84 error,Total,0.0030,ratio,,Accepted,,Actual,,,,,,,,,,Gas Error for 82761; NAWQA-14-MD-DE Noble Gas Data_Batch,82778,,,,,,,,,MS071,USGS,Noble gas isotopes (USGS-NGL),,USGS TMR 5-A11,"USGS Noble Gas Lab, Denver Federal Center",2015-02-06,,,,,,,,NWIS
USGS-MD,USGS Maryland Water Science Center,nwismd.01.01400754,Sample-Routine,Water,Groundwater,2014-06-26,10:30:00,EST,,,,,,,Below land-surface datum,84,feet,155,feet,,,U.S. Geological Survey,USGS-391317077555801,,"L-1810057 Received June 27, 2014  corrected ST to GWMSA, paa  Samples were received chilled at the WHOI lab.",,Not applicable,Not applicable,,,4040,USGS parameter code 82398,Submersible pump,,Submersible positive-pressure pump,NWIS-98549644,,,Xenon-130/Xenon-132 error,Total,0.0070,ratio,,Accepted,,Actual,,,,,,,,,,Gas Error for 82766; NAWQA-14-MD-DE Noble Gas Data_Batch,82783,,,,,,,,,MS071,USGS,Noble gas isotopes (USGS-NGL),,USGS TMR 5-A11,"USGS Noble Gas Lab, Denver Federal Center",2015-02-06,,,,,,,,NWIS
USGS-MD,USGS Maryland Water Science Center,nwismd.01.01400754,Sample-Routine,Water,Groundwater,2014-06-26,10:30:00,EST,,,,,,,Below land-surface datum,84,feet,155,feet,,,U.S. Geological Survey,USGS-391317077555801,,"L-1810057 Received June 27, 2014  corrected ST to GWMSA, paa  Samples were received chilled at the WHOI lab.",,Not applicable,Not applicable,,,4040,USGS parameter code 82398,Submersible pump,,Submersible positive-pressure pump,NWIS-98549647,,,Helium-4,Dissolved,0.0000000615,cm3/g @STP,,Accepted,,Actual,,,,,6.1547E-10,,,,,NAWQA-14-MD-DE Noble Gas Data_Batch,85561,,,,,,,,,MS071,USGS,Noble gas isotopes (USGS-NGL),,USGS TMR 5-A11,"USGS Noble Gas Lab, Denver Federal Center",2015-02-06,,,,,,,,NWIS
USGS-MD,USGS Maryland Water Science Center,nwismd.01.01400754,Sample-Routine,Water,Groundwater,2014-06-26,10:30:00,EST,,,,,,,Below land-surface datum,84,feet,155,feet,,,U.S. Geological Survey,USGS-391317077555801,,"L-1810057 Received June 27, 2014  corrected ST to GWMSA, paa  Samples were received chilled at the WHOI lab.",,Not applicable,Not applicable,,,4040,USGS parameter code 82398,Submersible pump,,Submersible positive-pressure pump,NWIS-98549648,,,Helium-4,Total,0.0000000006,cm3/g @STP,,Accepted,Standard Deviation,Actual,,,,,,,,,,Gas Error for 85561; NAWQA-14-MD-DE Noble Gas Data_Batch,85562,,,,,,,,,MS071,USGS,Noble gas isotopes (USGS-NGL),,USGS TMR 5-A11,"USGS Noble Gas Lab, Denver Federal Center",2015-02-06,,,,,,,,NWIS
USGS-MD,USGS Maryland Water Science Center,nwismd.01.01400754,Sample-Routine,Water,Groundwater,2014-06-26,10:30:00,EST,,,,,,,Below land-surface datum,84,feet,155,feet,,,U.S. Geological Survey,USGS-391317077555801,,"L-1810057 Received June 27, 2014  corrected ST to GWMSA, paa  Samples were received chilled at the WHOI lab.",,Not applicable,Not applicable,,,4040,USGS parameter code 82398,Submersible pump,,Submersible positive-pressure pump,NWIS-98549655,,,Helium-3/helium-4 error,Total,0.0000000069,None,,Accepted,Standard Deviation,Actual,,,,,,,,,,Gas Error for 61040; NAWQA-14-MD-DE Noble Gas Data_Batch,85569,,,,,,,,,MS071,USGS,Noble gas isotopes (USGS-NGL),,USGS TMR 5-A11,"USGS Noble Gas Lab, Denver Federal Center",2015-02-06,,,,,,,,NWIS
USGS-MD,USGS Maryland Water Science Center,nwismd.01.01401127,Sample-Routine,Water,Groundwater,2014-08-26,13:00:00,EST,,,,,,,,,,,,National Water Quality Assessment Program (NAWQA),,U.S. Geological Survey,USGS-392929077530202,,"L-2400141 Received August 27,2014  Received August 27, 2014  Samples were received chilled at the WHOI lab.",,Not applicable,Routine sample,,,USGS,USGS,USGS,,Unknown,NWIS-99283949,,,Helium-3/helium-4 ratio,Total,0.000001333,ratio,,Accepted,,Actual,,,,,6.9200E-09,,,,,NAWQA-14-MD-DE Noble Gas Data_Batch,61040,,,,,,,,,MS071,USGS,Noble gas isotopes (USGS-NGL),,USGS TMR 5-A11,"USGS Noble Gas Lab, Denver Federal Center",2015-02-09,,,,,,,,NWIS
USGS-MD,USGS Maryland Water Science Center,nwismd.01.01401127,Sample-Routine,Water,Groundwater,2014-08-26,13:00:00,EST,,,,,,,,,,,,National Water Quality Assessment Program (NAWQA),,U.S. Geological Survey,USGS-392929077530202,,"L-2400141 Received August 27,2014  Received August 27, 2014  Samples were received chilled at the WHOI lab.",,Not applicable,Routine sample,,,USGS,USGS,USGS,,Unknown,NWIS-99284239,,,Carbon-13/Carbon-12 ratio,Total,-14.89,per mil,,Accepted,,Actual,,,,,,,,,,,82081,,,,,,,,,MS039,USGS,"C-13/12, wf, per NWQL Memo 96-05",,NOSAMS General procedure document,"Natl Ocean Sciences AMS Facility (NOSAMS), Woods Hole, MA",2015-02-06,,,,,,,,NWIS
USGS-MD,USGS Maryland Water Science Center,nwismd.01.01401127,Sample-Routine,Water,Groundwater,2014-08-26,13:00:00,EST,,,,,,,,,,,,National Water Quality Assessment Program (NAWQA),,U.S. Geological Survey,USGS-392929077530202,,"L-2400141 Received August 27,2014  Received August 27, 2014  Samples were received chilled at the WHOI lab.",,Not applicable,Routine sample,,,USGS,USGS,USGS,,Unknown,NWIS-99284241,,,Oxygen-18/Oxygen-16 ratio,Total,-7.75,per mil,,Accepted,,Actual,,,,,,,,,,,82085,,,,,,,,,MS020,USGS,"Oxygen-18/16, wu, by MS",,USGS TMR 10-C1,"USGS-NRP, Stable Isotope Lab, Reston, VA",2014-10-01,,,,,,,,NWIS
USGS-MD,USGS Maryland Water Science Center,nwismd.01.01401127,Sample-Routine,Water,Groundwater,2014-08-26,13:00:00,EST,,,,,,,,,,,,National Water Quality Assessment Program (NAWQA),,U.S. Geological Survey,USGS-392929077530202,,"L-2400141 Received August 27,2014  Received August 27, 2014  Samples were received chilled at the WHOI lab.",,Not applicable,Routine sample,,,USGS,USGS,USGS,,Unknown,NWIS-99284244,,,Neon-20/Neon-22 ratio,Total,9.77,ratio,,Accepted,,Actual,,,,,0.04851375,,,,,NAWQA-14-MD-DE Noble Gas Data_Batch,82753,,,,,,,,,MS071,USGS,Noble gas isotopes (USGS-NGL),,USGS TMR 5-A11,"USGS Noble Gas Lab, Denver Federal Center",2015-02-09,,,,,,,,NWIS
USGS-MD,USGS Maryland Water Science Center,nwismd.01.01401127,Sample-Routine,Water,Groundwater,2014-08-26,13:00:00,EST,,,,,,,,,,,,National Water Quality Assessment Program (NAWQA),,U.S. Geological Survey,USGS-392929077530202,,"L-2400141 Received August 27,2014  Received August 27, 2014  Samples were received chilled at the WHOI lab.",,Not applicable,Routine sample,,,USGS,USGS,USGS,,Unknown,NWIS-99284245,,,Argon-40/Argon-36 ratio,Total,296.7,ratio,,Accepted,,Actual,,,,,1.53798284,,,,,NAWQA-14-MD-DE Noble Gas Data_Batch,82756,,,,,,,,,MS071,USGS,Noble gas isotopes (USGS-NGL),,USGS TMR 5-A11,"USGS Noble Gas Lab, Denver Federal Center",2015-02-09,,,,,,,,NWIS
USGS-MD,USGS Maryland Water Science Center,nwismd.01.01401127,Sample-Routine,Water,Groundwater,2014-08-26,13:00:00,EST,,,,,,,,,,,,National Water Quality Assessment Program (NAWQA),,U.S. Geological Survey,USGS-392929077530202,,"L-2400141 Received August 27,2014  Received August 27, 2014  Samples were received chilled at the WHOI lab.",,Not applicable,Routine sample,,,USGS,USGS,USGS,,Unknown,NWIS-99284246,,,Krypton-86/Krypton-84 ratio,Total,0.306,ratio,,Accepted,,Actual,,,,,0.00305712,,,,,NAWQA-14-MD-DE Noble Gas Data_Batch,82761,,,,,,,,,MS071,USGS,Noble gas isotopes (USGS-NGL),,USGS TMR 5-A11,"USGS Noble Gas Lab, Denver Federal Center",2015-02-09,,,,,,,,NWIS
USGS-MD,USGS Maryland Water Science Center,nwismd.01.01401127,Sample-Routine,Water,Groundwater,2014-08-26,13:00:00,EST,,,,,,,,,,,,National Water Quality Assessment Program (NAWQA),,U.S. Geological Survey,USGS-392929077530202,,"L-2400141 Received August 27,2014  Received August 27, 2014  Samples were received chilled at the WHOI lab.",,Not applicable,Routine sample,,,USGS,USGS,USGS,,Unknown,NWIS-99284247,,,Xenon-130/Xenon-132 ratio,Total,0.149,ratio,,Accepted,,Actual,,,,,0.00696713,,,,,NAWQA-14-MD-DE Noble Gas Data_Batch,82766,,,,,,,,,MS071,USGS,Noble gas isotopes (USGS-NGL),,USGS TMR 5-A11,"USGS Noble Gas Lab, Denver Federal Center",2015-02-09,,,,,,,,NWIS
USGS-MD,USGS Maryland Water Science Center,nwismd.01.01401127,Sample-Routine,Water,Groundwater,2014-08-26,13:00:00,EST,,,,,,,,,,,,National Water Quality Assessment Program (NAWQA),,U.S. Geological Survey,USGS-392929077530202,,"L-2400141 Received August 27,2014  Received August 27, 2014  Samples were received chilled at the WHOI lab.",,Not applicable,Routine sample,,,USGS,USGS,USGS,,Unknown,NWIS-99284248,,,Neon-20/Neon-22 error,Total,0.049,ratio,,Accepted,,Actual,,,,,,,,,,Gas Error for 82753; NAWQA-14-MD-DE Noble Gas Data_Batch,82770,,,,,,,,,MS071,USGS,Noble gas isotopes (USGS-NGL),,USGS TMR 5-A11,"USGS Noble Gas Lab, Denver Federal Center",2015-02-09,,,,,,,,NWIS
USGS-MD,USGS Maryland Water Science Center,nwismd.01.01401127,Sample-Routine,Water,Groundwater,2014-08-26,13:00:00,EST,,,,,,,,,,,,National Water Quality Assessment Program (NAWQA),,U.S. Geological Survey,USGS-392929077530202,,"L-2400141 Received August 27,2014  Received August 27, 2014  Samples were received chilled at the WHOI lab.",,Not applicable,Routine sample,,,USGS,USGS,USGS,,Unknown,NWIS-99284249,,,Argon-40/Argon-36 error,Total,1.5,ratio,,Accepted,,Actual,,,,,,,,,,Gas Error for 82756; NAWQA-14-MD-DE Noble Gas Data_Batch,82773,,,,,,,,,MS071,USGS,Noble gas isotopes (USGS-NGL),,USGS TMR 5-A11,"USGS Noble Gas Lab, Denver Federal Center",2015-02-09,,,,,,,,NWIS
USGS-MD,USGS Maryland Water Science Center,nwismd.01.01401127,Sample-Routine,Water,Groundwater,2014-08-26,13:00:00,EST,,,,,,,,,,,,National Water Quality Assessment Program (NAWQA),,U.S. Geological Survey,USGS-392929077530202,,"L-2400141 Received August 27,2014  Received August 27, 2014  Samples were received chilled at the WHOI lab.",,Not applicable,Routine sample,,,USGS,USGS,USGS,,Unknown,NWIS-99284250,,,Krypton-86/Krypton-84 error,Total,0.0031,ratio,,Accepted,,Actual,,,,,,,,,,Gas Error for 82761; NAWQA-14-MD-DE Noble Gas Data_Batch,82778,,,,,,,,,MS071,USGS,Noble gas isotopes (USGS-NGL),,USGS TMR 5-A11,"USGS Noble Gas Lab, Denver Federal Center",2015-02-09,,,,,,,,NWIS
USGS-MD,USGS Maryland Water Science Center,nwismd.01.01401127,Sample-Routine,Water,Groundwater,2014-08-26,13:00:00,EST,,,,,,,,,,,,National Water Quality Assessment Program (NAWQA),,U.S. Geological Survey,USGS-392929077530202,,"L-2400141 Received August 27,2014  Received August 27, 2014  Samples were received chilled at the WHOI lab.",,Not applicable,Routine sample,,,USGS,USGS,USGS,,Unknown,NWIS-99284251,,,Xenon-130/Xenon-132 error,Total,0.0070,ratio,,Accepted,,Actual,,,,,,,,,,Gas Error for 82766; NAWQA-14-MD-DE Noble Gas Data_Batch,82783,,,,,,,,,MS071,USGS,Noble gas isotopes (USGS-NGL),,USGS TMR 5-A11,"USGS Noble Gas Lab, Denver Federal Center",2015-02-09,,,,,,,,NWIS
USGS-MD,USGS Maryland Water Science Center,nwismd.01.01401127,Sample-Routine,Water,Groundwater,2014-08-26,13:00:00,EST,,,,,,,,,,,,National Water Quality Assessment Program (NAWQA),,U.S. Geological Survey,USGS-392929077530202,,"L-2400141 Received August 27,2014  Received August 27, 2014  Samples were received chilled at the WHOI lab.",,Not applicable,Routine sample,,,USGS,USGS,USGS,,Unknown,NWIS-99284253,,,Helium-4,Dissolved,0.0000000545,cm3/g @STP,,Accepted,,Actual,,,,,5.4468E-10,,,,,NAWQA-14-MD-DE Noble Gas Data_Batch,85561,,,,,,,,,MS071,USGS,Noble gas isotopes (USGS-NGL),,USGS TMR 5-A11,"USGS Noble Gas Lab, Denver Federal Center",2015-02-09,,,,,,,,NWIS
USGS-MD,USGS Maryland Water Science Center,nwismd.01.01401127,Sample-Routine,Water,Groundwater,2014-08-26,13:00:00,EST,,,,,,,,,,,,National Water Quality Assessment Program (NAWQA),,U.S. Geological Survey,USGS-392929077530202,,"L-2400141 Received August 27,2014  Received August 27, 2014  Samples were received chilled at the WHOI lab.",,Not applicable,Routine sample,,,USGS,USGS,USGS,,Unknown,NWIS-99284254,,,Helium-4,Total,0.0000000005,cm3/g @STP,,Accepted,Standard Deviation,Actual,,,,,,,,,,Gas Error for 85561; NAWQA-14-MD-DE Noble Gas Data_Batch,85562,,,,,,,,,MS071,USGS,Noble gas isotopes (USGS-NGL),,USGS TMR 5-A11,"USGS Noble Gas Lab, Denver Federal Center",2015-02-09,,,,,,,,NWIS
USGS-MD,USGS Maryland Water Science Center,nwismd.01.01401127,Sample-Routine,Water,Groundwater,2014-08-26,13:00:00,EST,,,,,,,,,,,,National Water Quality Assessment Program (NAWQA),,U.S. Geological Survey,USGS-392929077530202,,"L-2400141 Received August 27,2014  Received August 27, 2014  Samples were received chilled at the WHOI lab.",,Not applicable,Routine sample,,,USGS,USGS,USGS,,Unknown,NWIS-99284261,,,Helium-3/helium-4 error,Total,0.0000000069,None,,Accepted,Standard Deviation,Actual,,,,,,,,,,Gas Error for 61040; NAWQA-14-MD-DE Noble Gas Data_Batch,85569,,,,,,,,,MS071,USGS,Noble gas isotopes (USGS-NGL),,USGS TMR 5-A11,"USGS Noble Gas Lab, Denver Federal Center",2015-02-09,,,,,,,,NWIS
USGS-MD,USGS Maryland Water Science Center,nwismd.01.01400750,Sample-Routine,Water,Groundwater,2014-06-24,18:00:00,EST,,,,,,,Below land-surface datum,42,feet,123,feet,,,U.S. Geological Survey,USGS-393319077560801,,"L-1780108 Corrected ST to GWMSA, btl type is GCV not VOC, paa, 6/27/14   Received June 26, 2014  Corrected ST to GWMSA, paa    Received June 26, 2014  Unchilled by mistake first 24hrs, MB Samples were received chilled at the WHOI lab.",,Not applicable,Not applicable,,,4040,USGS parameter code 82398,Submersible pump,,Submersible positive-pressure pump,NWIS-98551444,,,Carbon-13/Carbon-12 ratio,Total,-12.33,per mil,,Preliminary,,Actual,,,,,,,,,,,82081,,,,,,,,,MS039,USGS,"C-13/12, wf, per NWQL Memo 96-05",,NOSAMS General procedure document,"Natl Ocean Sciences AMS Facility (NOSAMS), Woods Hole, MA",2014-09-26,,,,,,,,NWIS
USGS-MD,USGS Maryland Water Science Center,nwismd.01.01400750,Sample-Routine,Water,Groundwater,2014-06-24,18:00:00,EST,,,,,,,Below land-surface datum,42,feet,123,feet,,,U.S. Geological Survey,USGS-393319077560801,,"L-1780108 Corrected ST to GWMSA, btl type is GCV not VOC, paa, 6/27/14   Received June 26, 2014  Corrected ST to GWMSA, paa    Received June 26, 2014  Unchilled by mistake first 24hrs, MB Samples were received chilled at the WHOI lab.",,Not applicable,Not applicable,,,4040,USGS parameter code 82398,Submersible pump,,Submersible positive-pressure pump,NWIS-98551446,,,Oxygen-18/Oxygen-16 ratio,Total,-7.98,per mil,,Preliminary,,Actual,,,,,,,,,,,82085,,,,,,,,,MS020,USGS,"Oxygen-18/16, wu, by MS",,USGS TMR 10-C1,"USGS-NRP, Stable Isotope Lab, Reston, VA",2014-10-01,,,,,,,,NWIS
USGS-MD,USGS Maryland Water Science Center,nwismd.01.01400758,Sample-Routine,Water,Groundwater,2014-06-25,14:30:00,EST,,,,,,,Below land-surface datum,,,175,feet,,,U.S. Geological Survey,USGS-392033077530301,,"L-1780095 Received June 26, 2014  Samples were received chilled at the WHOI lab.  X=begin time on sample 1430   Received June 26, 2014..  ASR begin time changed from 1400 to 1430 per Dieter, paa, 7/8/14",,Not applicable,Not applicable,,,4040,USGS parameter code 82398,Submersible pump,,Submersible positive-pressure pump,NWIS-98550244,,,Helium-3/helium-4 ratio,Total,0.000001288,ratio,,Accepted,,Actual,,,,,6.9200E-09,,,,,NAWQA-14-MD-DE Noble Gas Data_Batch,61040,,,,,,,,,MS071,USGS,Noble gas isotopes (USGS-NGL),,USGS TMR 5-A11,"USGS Noble Gas Lab, Denver Federal Center",2015-02-09,,,,,,,,NWIS
USGS-MD,USGS Maryland Water Science Center,nwismd.01.01400758,Sample-Routine,Water,Groundwater,2014-06-25,14:30:00,EST,,,,,,,Below land-surface datum,,,175,feet,,,U.S. Geological Survey,USGS-392033077530301,,"L-1780095 Received June 26, 2014  Samples were received chilled at the WHOI lab.  X=begin time on sample 1430   Received June 26, 2014..  ASR begin time changed from 1400 to 1430 per Dieter, paa, 7/8/14",,Not applicable,Not applicable,,,4040,USGS parameter code 82398,Submersible pump,,Submersible positive-pressure pump,NWIS-98550537,,,Oxygen-18/Oxygen-16 ratio,Total,-8.16,per mil,,Accepted,,Actual,,,,,,,,,,,82085,,,,,,,,,MS020,USGS,"Oxygen-18/16, wu, by MS",,USGS TMR 10-C1,"USGS-NRP, Stable Isotope Lab, Reston, VA",2014-10-01,,,,,,,,NWIS
USGS-MD,USGS Maryland Water Science Center,nwismd.01.01400758,Sample-Routine,Water,Groundwater,2014-06-25,14:30:00,EST,,,,,,,Below land-surface datum,,,175,feet,,,U.S. Geological Survey,USGS-392033077530301,,"L-1780095 Received June 26, 2014  Samples were received chilled at the WHOI lab.  X=begin time on sample 1430   Received June 26, 2014..  ASR begin time changed from 1400 to 1430 per Dieter, paa, 7/8/14",,Not applicable,Not applicable,,,4040,USGS parameter code 82398,Submersible pump,,Submersible positive-pressure pump,NWIS-98550535,,,Carbon-13/Carbon-12 ratio,Total,-13.69,per mil,,Accepted,,Actual,,,,,,,,,,,82081,,,,,,,,,MS039,USGS,"C-13/12, wf, per NWQL Memo 96-05",,NOSAMS General procedure document,"Natl Ocean Sciences AMS Facility (NOSAMS), Woods Hole, MA",2014-09-26,,,,,,,,NWIS
USGS-MD,USGS Maryland Water Science Center,nwismd.01.01400758,Sample-Routine,Water,Groundwater,2014-06-25,14:30:00,EST,,,,,,,Below land-surface datum,,,175,feet,,,U.S. Geological Survey,USGS-392033077530301,,"L-1780095 Received June 26, 2014  Samples were received chilled at the WHOI lab.  X=begin time on sample 1430   Received June 26, 2014..  ASR begin time changed from 1400 to 1430 per Dieter, paa, 7/8/14",,Not applicable,Not applicable,,,4040,USGS parameter code 82398,Submersible pump,,Submersible positive-pressure pump,NWIS-98550540,,,Neon-20/Neon-22 ratio,Total,9.76,ratio,,Accepted,,Actual,,,,,0.04848806,,,,,NAWQA-14-MD-DE Noble Gas Data_Batch,82753,,,,,,,,,MS071,USGS,Noble gas isotopes (USGS-NGL),,USGS TMR 5-A11,"USGS Noble Gas Lab, Denver Federal Center",2015-02-09,,,,,,,,NWIS
USGS-MD,USGS Maryland Water Science Center,nwismd.01.01400758,Sample-Routine,Water,Groundwater,2014-06-25,14:30:00,EST,,,,,,,Below land-surface datum,,,175,feet,,,U.S. Geological Survey,USGS-392033077530301,,"L-1780095 Received June 26, 2014  Samples were received chilled at the WHOI lab.  X=begin time on sample 1430   Received June 26, 2014..  ASR begin time changed from 1400 to 1430 per Dieter, paa, 7/8/14",,Not applicable,Not applicable,,,4040,USGS parameter code 82398,Submersible pump,,Submersible positive-pressure pump,NWIS-98550541,,,Argon-40/Argon-36 ratio,Total,296.8,ratio,,Accepted,,Actual,,,,,1.53823639,,,,,NAWQA-14-MD-DE Noble Gas Data_Batch,82756,,,,,,,,,MS071,USGS,Noble gas isotopes (USGS-NGL),,USGS TMR 5-A11,"USGS Noble Gas Lab, Denver Federal Center",2015-02-09,,,,,,,,NWIS
USGS-MD,USGS Maryland Water Science Center,nwismd.01.01400758,Sample-Routine,Water,Groundwater,2014-06-25,14:30:00,EST,,,,,,,Below land-surface datum,,,175,feet,,,U.S. Geological Survey,USGS-392033077530301,,"L-1780095 Received June 26, 2014  Samples were received chilled at the WHOI lab.  X=begin time on sample 1430   Received June 26, 2014..  ASR begin time changed from 1400 to 1430 per Dieter, paa, 7/8/14",,Not applicable,Not applicable,,,4040,USGS parameter code 82398,Submersible pump,,Submersible positive-pressure pump,NWIS-98550542,,,Krypton-86/Krypton-84 ratio,Total,0.305,ratio,,Accepted,,Actual,,,,,0.00305265,,,,,NAWQA-14-MD-DE Noble Gas Data_Batch,82761,,,,,,,,,MS071,USGS,Noble gas isotopes (USGS-NGL),,USGS TMR 5-A11,"USGS Noble Gas Lab, Denver Federal Center",2015-02-09,,,,,,,,NWIS
USGS-MD,USGS Maryland Water Science Center,nwismd.01.01400758,Sample-Routine,Water,Groundwater,2014-06-25,14:30:00,EST,,,,,,,Below land-surface datum,,,175,feet,,,U.S. Geological Survey,USGS-392033077530301,,"L-1780095 Received June 26, 2014  Samples were received chilled at the WHOI lab.  X=begin time on sample 1430   Received June 26, 2014..  ASR begin time changed from 1400 to 1430 per Dieter, paa, 7/8/14",,Not applicable,Not applicable,,,4040,USGS parameter code 82398,Submersible pump,,Submersible positive-pressure pump,NWIS-98550543,,,Xenon-130/Xenon-132 ratio,Total,0.145,ratio,,Accepted,,Actual,,,,,0.00679645,,,,,NAWQA-14-MD-DE Noble Gas Data_Batch,82766,,,,,,,,,MS071,USGS,Noble gas isotopes (USGS-NGL),,USGS TMR 5-A11,"USGS Noble Gas Lab, Denver Federal Center",2015-02-09,,,,,,,,NWIS
USGS-MD,USGS Maryland Water Science Center,nwismd.01.01400758,Sample-Routine,Water,Groundwater,2014-06-25,14:30:00,EST,,,,,,,Below land-surface datum,,,175,feet,,,U.S. Geological Survey,USGS-392033077530301,,"L-1780095 Received June 26, 2014  Samples were received chilled at the WHOI lab.  X=begin time on sample 1430   Received June 26, 2014..  ASR begin time changed from 1400 to 1430 per Dieter, paa, 7/8/14",,Not applicable,Not applicable,,,4040,USGS parameter code 82398,Submersible pump,,Submersible positive-pressure pump,NWIS-98550544,,,Neon-20/Neon-22 error,Total,0.048,ratio,,Accepted,,Actual,,,,,,,,,,Gas Error for 82753; NAWQA-14-MD-DE Noble Gas Data_Batch,82770,,,,,,,,,MS071,USGS,Noble gas isotopes (USGS-NGL),,USGS TMR 5-A11,"USGS Noble Gas Lab, Denver Federal Center",2015-02-09,,,,,,,,NWIS
USGS-MD,USGS Maryland Water Science Center,nwismd.01.01400758,Sample-Routine,Water,Groundwater,2014-06-25,14:30:00,EST,,,,,,,Below land-surface datum,,,175,feet,,,U.S. Geological Survey,USGS-392033077530301,,"L-1780095 Received June 26, 2014  Samples were received chilled at the WHOI lab.  X=begin time on sample 1430   Received June 26, 2014..  ASR begin time changed from 1400 to 1430 per Dieter, paa, 7/8/14",,Not applicable,Not applicable,,,4040,USGS parameter code 82398,Submersible pump,,Submersible positive-pressure pump,NWIS-98550545,,,Argon-40/Argon-36 error,Total,1.5,ratio,,Accepted,,Actual,,,,,,,,,,Gas Error for 82756; NAWQA-14-MD-DE Noble Gas Data_Batch,82773,,,,,,,,,MS071,USGS,Noble gas isotopes (USGS-NGL),,USGS TMR 5-A11,"USGS Noble Gas Lab, Denver Federal Center",2015-02-09,,,,,,,,NWIS
USGS-MD,USGS Maryland Water Science Center,nwismd.01.01400758,Sample-Routine,Water,Groundwater,2014-06-25,14:30:00,EST,,,,,,,Below land-surface datum,,,175,feet,,,U.S. Geological Survey,USGS-392033077530301,,"L-1780095 Received June 26, 2014  Samples were received chilled at the WHOI lab.  X=begin time on sample 1430   Received June 26, 2014..  ASR begin time changed from 1400 to 1430 per Dieter, paa, 7/8/14",,Not applicable,Not applicable,,,4040,USGS parameter code 82398,Submersible pump,,Submersible positive-pressure pump,NWIS-98550546,,,Krypton-86/Krypton-84 error,Total,0.0031,ratio,,Accepted,,Actual,,,,,,,,,,Gas Error for 82761; NAWQA-14-MD-DE Noble Gas Data_Batch,82778,,,,,,,,,MS071,USGS,Noble gas isotopes (USGS-NGL),,USGS TMR 5-A11,"USGS Noble Gas Lab, Denver Federal Center",2015-02-09,,,,,,,,NWIS
USGS-MD,USGS Maryland Water Science Center,nwismd.01.01400758,Sample-Routine,Water,Groundwater,2014-06-25,14:30:00,EST,,,,,,,Below land-surface datum,,,175,feet,,,U.S. Geological Survey,USGS-392033077530301,,"L-1780095 Received June 26, 2014  Samples were received chilled at the WHOI lab.  X=begin time on sample 1430   Received June 26, 2014..  ASR begin time changed from 1400 to 1430 per Dieter, paa, 7/8/14",,Not applicable,Not applicable,,,4040,USGS parameter code 82398,Submersible pump,,Submersible positive-pressure pump,NWIS-98550547,,,Xenon-130/Xenon-132 error,Total,0.0068,ratio,,Accepted,,Actual,,,,,,,,,,Gas Error for 82766; NAWQA-14-MD-DE Noble Gas Data_Batch,82783,,,,,,,,,MS071,USGS,Noble gas isotopes (USGS-NGL),,USGS TMR 5-A11,"USGS Noble Gas Lab, Denver Federal Center",2015-02-09,,,,,,,,NWIS
USGS-MD,USGS Maryland Water Science Center,nwismd.01.01400758,Sample-Routine,Water,Groundwater,2014-06-25,14:30:00,EST,,,,,,,Below land-surface datum,,,175,feet,,,U.S. Geological Survey,USGS-392033077530301,,"L-1780095 Received June 26, 2014  Samples were received chilled at the WHOI lab.  X=begin time on sample 1430   Received June 26, 2014..  ASR begin time changed from 1400 to 1430 per Dieter, paa, 7/8/14",,Not applicable,Not applicable,,,4040,USGS parameter code 82398,Submersible pump,,Submersible positive-pressure pump,NWIS-98550550,,,Helium-4,Dissolved,0.0000001052,cm3/g @STP,,Accepted,,Actual,,,,,1.0522E-09,,,,,NAWQA-14-MD-DE Noble Gas Data_Batch,85561,,,,,,,,,MS071,USGS,Noble gas isotopes (USGS-NGL),,USGS TMR 5-A11,"USGS Noble Gas Lab, Denver Federal Center",2015-02-09,,,,,,,,NWIS
USGS-MD,USGS Maryland Water Science Center,nwismd.01.01400758,Sample-Routine,Water,Groundwater,2014-06-25,14:30:00,EST,,,,,,,Below land-surface datum,,,175,feet,,,U.S. Geological Survey,USGS-392033077530301,,"L-1780095 Received June 26, 2014  Samples were received chilled at the WHOI lab.  X=begin time on sample 1430   Received June 26, 2014..  ASR begin time changed from 1400 to 1430 per Dieter, paa, 7/8/14",,Not applicable,Not applicable,,,4040,USGS parameter code 82398,Submersible pump,,Submersible positive-pressure pump,NWIS-98550551,,,Helium-4,Total,0.0000000010,cm3/g @STP,,Accepted,Standard Deviation,Actual,,,,,,,,,,Gas Error for 85561; NAWQA-14-MD-DE Noble Gas Data_Batch,85562,,,,,,,,,MS071,USGS,Noble gas isotopes (USGS-NGL),,USGS TMR 5-A11,"USGS Noble Gas Lab, Denver Federal Center",2015-02-09,,,,,,,,NWIS
USGS-MD,USGS Maryland Water Science Center,nwismd.01.01400758,Sample-Routine,Water,Groundwater,2014-06-25,14:30:00,EST,,,,,,,Below land-surface datum,,,175,feet,,,U.S. Geological Survey,USGS-392033077530301,,"L-1780095 Received June 26, 2014  Samples were received chilled at the WHOI lab.  X=begin time on sample 1430   Received June 26, 2014..  ASR begin time changed from 1400 to 1430 per Dieter, paa, 7/8/14",,Not applicable,Not applicable,,,4040,USGS parameter code 82398,Submersible pump,,Submersible positive-pressure pump,NWIS-98550558,,,Helium-3/helium-4 error,Total,0.0000000069,None,,Accepted,Standard Deviation,Actual,,,,,,,,,,Gas Error for 61040; NAWQA-14-MD-DE Noble Gas Data_Batch,85569,,,,,,,,,MS071,USGS,Noble gas isotopes (USGS-NGL),,USGS TMR 5-A11,"USGS Noble Gas Lab, Denver Federal Center",2015-02-09,,,,,,,,NWIS
USGS-MD,USGS Maryland Water Science Center,nwismd.01.01400752,Sample-Routine,Water,Groundwater,2014-06-25,09:45:00,EST,,,,,,,Below land-surface datum,,,126,feet,,,U.S. Geological Survey,USGS-391200077520401,,"L-1780093 Received June 26, 2014  Samples were received chilled at the WHOI lab.",,Not applicable,Not applicable,,,4040,USGS parameter code 82398,Submersible pump,,Submersible positive-pressure pump,NWIS-98549197,,,Carbon-13/Carbon-12 ratio,Total,-16.75,per mil,,Preliminary,,Actual,,,,,,,,,,,82081,,,,,,,,,MS039,USGS,"C-13/12, wf, per NWQL Memo 96-05",,NOSAMS General procedure document,"Natl Ocean Sciences AMS Facility (NOSAMS), Woods Hole, MA",2014-09-26,,,,,,,,NWIS
USGS-MD,USGS Maryland Water Science Center,nwismd.01.01400752,Sample-Routine,Water,Groundwater,2014-06-25,09:45:00,EST,,,,,,,Below land-surface datum,,,126,feet,,,U.S. Geological Survey,USGS-391200077520401,,"L-1780093 Received June 26, 2014  Samples were received chilled at the WHOI lab.",,Not applicable,Not applicable,,,4040,USGS parameter code 82398,Submersible pump,,Submersible positive-pressure pump,NWIS-98549199,,,Oxygen-18/Oxygen-16 ratio,Total,-7.88,per mil,,Preliminary,,Actual,,,,,,,,,,,82085,,,,,,,,,MS020,USGS,"Oxygen-18/16, wu, by MS",,USGS TMR 10-C1,"USGS-NRP, Stable Isotope Lab, Reston, VA",2014-10-01,,,,,,,,NWIS
USGS-WV,USGS West Virginia Water Science Center,nwiswv.01.01500204,Sample-Routine,Water,Groundwater,2015-06-25,10:00:00,EDT,,,,,,,,,,,,,,USGS - West Virginia Water Science Center,USGS-391950078032900,,"L-1820173 Changed the date from 2015/06/28 to 2015/06/25 per D. Chambers, ACW, 10/05/15",,Not applicable,Not applicable,,,USGS,USGS,USGS,,Unknown,NWIS-101329335,Not Detected,,CFC-12,Recoverable,,,,Accepted,,Actual,,,,,,,,,,The parameter 34668 is a highly variable compound in schedule 11307.,34668,,,,,,,,,GCM68,USGS,"VOC, wu, censor at <RL, GCMS",,USGS OF 97-829,"USGS-National Water Quality Lab, Denver, CO",2015-07-02,value is highly variable by this methodsee result laboratory comment,,Lower Reporting Limit,0.2,ug/l,,,NWIS